/*
Navicat MySQL Data Transfer

Source Server         : mydb
Source Server Version : 50624
Source Host           : localhost:3306
Source Database       : sati

Target Server Type    : MYSQL
Target Server Version : 50624
File Encoding         : 65001

Date: 2017-04-03 14:56:34
*/

SET FOREIGN_KEY_CHECKS=0;

-- ----------------------------
-- Table structure for adminstrators
-- ----------------------------
DROP TABLE IF EXISTS `adminstrators`;
CREATE TABLE `adminstrators` (
  `ADMINISTRATOR_ID` int(11) NOT NULL AUTO_INCREMENT,
  `PBI_ID` int(11) DEFAULT NULL COMMENT '个人基本信息id',
  `ADMIN_TYPE` int(11) DEFAULT NULL COMMENT '管理员类型',
  PRIMARY KEY (`ADMINISTRATOR_ID`)
) ENGINE=InnoDB AUTO_INCREMENT=10 DEFAULT CHARSET=utf8;

-- ----------------------------
-- Records of adminstrators
-- ----------------------------
INSERT INTO `adminstrators` VALUES ('8', '19', '1');
INSERT INTO `adminstrators` VALUES ('9', '23', '2');

-- ----------------------------
-- Table structure for agencies
-- ----------------------------
DROP TABLE IF EXISTS `agencies`;
CREATE TABLE `agencies` (
  `AGENCY_ID` int(11) NOT NULL AUTO_INCREMENT,
  `UNIT_NATURE` varchar(64) DEFAULT NULL COMMENT '单位性质',
  `CLASSIC_CASE` varchar(255) DEFAULT NULL COMMENT '经典案例',
  `SOE_ID` int(11) DEFAULT NULL COMMENT '单位从业人员id',
  `BASE_INFO_ID` int(11) DEFAULT NULL COMMENT '基本信息Id',
  `INDUSTRY` varchar(32) DEFAULT NULL,
  `EMP_SITUATION_ID` bigint(20) DEFAULT NULL,
  PRIMARY KEY (`AGENCY_ID`),
  KEY `FK_m1hitpg8vmancen2aac9suv35` (`EMP_SITUATION_ID`)
) ENGINE=InnoDB AUTO_INCREMENT=3 DEFAULT CHARSET=utf8;

-- ----------------------------
-- Records of agencies
-- ----------------------------
INSERT INTO `agencies` VALUES ('2', '1', '经典案例', '4', '4', null, null);

-- ----------------------------
-- Table structure for audit_infos
-- ----------------------------
DROP TABLE IF EXISTS `audit_infos`;
CREATE TABLE `audit_infos` (
  `AUDIT_INFO_ID` int(11) NOT NULL AUTO_INCREMENT,
  `SUBMIT_TIME` datetime DEFAULT NULL COMMENT '提交审核时间',
  `AUDIT_TIME` datetime DEFAULT NULL COMMENT '审核时间',
  `AUDIT_STATUS` int(11) DEFAULT '-1' COMMENT '审核状态',
  `AUDIT_RESULT` varchar(255) DEFAULT NULL COMMENT '审核结果',
  `USER_ID` varchar(64) DEFAULT NULL COMMENT '被审核用户',
  `AUDITOR_ID` varchar(64) DEFAULT NULL COMMENT '审核人用户账号',
  `AUDIT_TYPE` int(11) DEFAULT NULL COMMENT '审核的信息类型',
  PRIMARY KEY (`AUDIT_INFO_ID`)
) ENGINE=InnoDB AUTO_INCREMENT=143 DEFAULT CHARSET=utf8;

-- ----------------------------
-- Records of audit_infos
-- ----------------------------
INSERT INTO `audit_infos` VALUES ('27', '2017-03-30 17:09:08', '2017-03-30 17:09:08', '1', null, null, null, '1');
INSERT INTO `audit_infos` VALUES ('30', '2017-03-30 23:14:59', '2017-03-30 23:14:59', '2', '审核通过', null, 'admin', '1');
INSERT INTO `audit_infos` VALUES ('31', '2017-03-30 21:52:19', '2017-03-30 21:52:19', '2', '长得丑', '3', 'admin', '1');
INSERT INTO `audit_infos` VALUES ('34', null, null, '1', null, null, null, null);
INSERT INTO `audit_infos` VALUES ('35', null, null, '2', null, null, 'platform', null);
INSERT INTO `audit_infos` VALUES ('36', null, null, '1', null, null, '', null);
INSERT INTO `audit_infos` VALUES ('37', null, null, '-1', null, null, null, null);
INSERT INTO `audit_infos` VALUES ('95', null, null, '-1', null, null, null, '4');
INSERT INTO `audit_infos` VALUES ('115', '2017-04-02 17:08:45', '2017-04-02 23:56:56', '4', '审核通过', null, 'admin', '2');
INSERT INTO `audit_infos` VALUES ('118', '2017-04-02 23:50:30', '2017-04-02 23:55:04', '3', '内容没有填写完整', null, 'admin', '2');
INSERT INTO `audit_infos` VALUES ('121', '2017-04-02 23:59:30', '2017-04-03 00:31:35', '4', '审核通过', null, 'admin', '3');
INSERT INTO `audit_infos` VALUES ('122', '2017-04-03 00:35:32', '2017-04-03 00:35:13', '1', '来源类型没有选择', null, 'admin', '3');
INSERT INTO `audit_infos` VALUES ('126', null, null, '-1', null, null, null, null);
INSERT INTO `audit_infos` VALUES ('127', null, null, '-1', null, null, null, null);
INSERT INTO `audit_infos` VALUES ('134', null, null, '-1', null, null, null, null);
INSERT INTO `audit_infos` VALUES ('135', null, null, '-1', null, null, null, null);
INSERT INTO `audit_infos` VALUES ('136', null, null, '-1', null, null, null, null);
INSERT INTO `audit_infos` VALUES ('137', null, null, '-1', null, null, null, null);
INSERT INTO `audit_infos` VALUES ('138', null, null, '-1', null, null, null, null);
INSERT INTO `audit_infos` VALUES ('139', null, null, '-1', null, null, null, null);
INSERT INTO `audit_infos` VALUES ('140', null, null, '-1', null, null, null, null);
INSERT INTO `audit_infos` VALUES ('141', null, null, '-1', null, null, null, null);
INSERT INTO `audit_infos` VALUES ('142', null, null, '1', null, null, null, '4');

-- ----------------------------
-- Table structure for category_infos
-- ----------------------------
DROP TABLE IF EXISTS `category_infos`;
CREATE TABLE `category_infos` (
  `CATEGORY_INFO_ID` int(11) NOT NULL AUTO_INCREMENT,
  `CATEGORY_INFO_NAME` varchar(64) DEFAULT NULL COMMENT '类名',
  `FATHER_ID` int(11) DEFAULT NULL COMMENT '父分类id',
  `CATEGORY_INFO_TYPE` int(11) DEFAULT NULL COMMENT '分类类型（区分各个分类）',
  `CATEGORY_INFO_LEVEL` int(11) DEFAULT NULL,
  PRIMARY KEY (`CATEGORY_INFO_ID`)
) ENGINE=InnoDB DEFAULT CHARSET=utf8;

-- ----------------------------
-- Records of category_infos
-- ----------------------------

-- ----------------------------
-- Table structure for companies
-- ----------------------------
DROP TABLE IF EXISTS `companies`;
CREATE TABLE `companies` (
  `COMPANY_ID` int(11) NOT NULL AUTO_INCREMENT,
  `COMPANY_NATURE_ID` int(11) DEFAULT NULL COMMENT '企业性质id',
  `REGISTERED_CAPITAL` float DEFAULT NULL COMMENT '注册资金（万元）',
  `REGISTERED_ADDRESS` varchar(64) DEFAULT NULL COMMENT '注册地址',
  `INDUSTRY_ID` int(11) DEFAULT NULL COMMENT '所属行业id',
  `CIRC_OR_NOT` int(11) DEFAULT NULL COMMENT '是否国家创新驿站',
  `CTT_OR_NOT` int(11) DEFAULT NULL COMMENT '是否国家技术转移',
  `BUSINESS_FIELD` varchar(255) DEFAULT NULL COMMENT '业务领域',
  `REMARK` varchar(255) DEFAULT NULL COMMENT '备注',
  `SOE_ID` int(11) DEFAULT NULL COMMENT '单位从业人员id',
  `BASE_INFO_ID` int(11) DEFAULT NULL COMMENT '基本信息',
  PRIMARY KEY (`COMPANY_ID`)
) ENGINE=InnoDB AUTO_INCREMENT=2 DEFAULT CHARSET=utf8;

-- ----------------------------
-- Records of companies
-- ----------------------------
INSERT INTO `companies` VALUES ('1', '1', '10000', '广东省梅州市', '6', null, null, null, null, '1', '1');

-- ----------------------------
-- Table structure for contact_infos
-- ----------------------------
DROP TABLE IF EXISTS `contact_infos`;
CREATE TABLE `contact_infos` (
  `CONTACT_ID` int(11) NOT NULL AUTO_INCREMENT,
  `CONTACT_NAME` varchar(32) DEFAULT NULL COMMENT '联系人姓名',
  `CONTACT_BUSINESS` varchar(32) DEFAULT NULL COMMENT '联系人职务',
  `CONTACT_NUMBER` varchar(64) DEFAULT NULL COMMENT '联系电话',
  `CONTACT_ADDRESS` varchar(255) DEFAULT NULL COMMENT '通讯地址',
  `POSTCODE` varchar(32) DEFAULT NULL COMMENT '邮编',
  `EMAIL` varchar(64) DEFAULT NULL COMMENT 'email',
  `CONTACT_URL` varchar(255) DEFAULT NULL COMMENT '联系人的网址或公司网址',
  `FAX_NUMBER` varchar(64) DEFAULT NULL COMMENT '传真号码',
  `QQORMSN_NUMER` varchar(64) DEFAULT NULL COMMENT 'QQ或MSN号码',
  `PHONE_NUMBER` varchar(64) DEFAULT NULL COMMENT '手机号码',
  PRIMARY KEY (`CONTACT_ID`)
) ENGINE=InnoDB AUTO_INCREMENT=139 DEFAULT CHARSET=utf8;

-- ----------------------------
-- Records of contact_infos
-- ----------------------------
INSERT INTO `contact_infos` VALUES ('27', null, null, null, null, null, '1095682334@qq.com', null, null, null, '18813973446');
INSERT INTO `contact_infos` VALUES ('30', 'company', '执行负责人', '12345555', '广东省梅州市嘉应学院', '51400', 'company@qq.com', 'www.jiaying.edu.cn', 'www.jiaying.edu.cn', '126556366', '18813973442');
INSERT INTO `contact_infos` VALUES ('31', 'person', '项目负责人', '1234', '梅州市嘉应学院', '51400', 'person@qq.com', 'www.jiaying.edu.cn', 'www.jiaying.edu.cn', '1234567891', '18813973444');
INSERT INTO `contact_infos` VALUES ('34', 'agency', '项目负责人', '18813973445', '梅州市嘉应学院', '51400', 'agency@qq.com', 'www.jiaying.edu.cn', 'www.jiaying.edu.cn', '1253685', '18813973445');
INSERT INTO `contact_infos` VALUES ('35', 'college', '项目负责人', '18813973447', '梅州市嘉应学院', '51400', 'college@qq.com', 'www.jiaying.edu.cn', 'www.jiaying.edu.cn', '1213212313', '18813973447');
INSERT INTO `contact_infos` VALUES ('36', 'scientify', '项目负责人', '18813973448', '梅州市嘉应学院', '51400', 'scientify@qq.com', 'www.jiaying.edu.cn', 'www.jiaying.edu.cn', '1236644', '18813973448');
INSERT INTO `contact_infos` VALUES ('37', null, null, null, null, null, 'platform@qq.com', null, null, null, '18813973449');
INSERT INTO `contact_infos` VALUES ('91', 'person', '项目负责人', '1234', '梅州市嘉应学院', '51400', 'person@qq.com', 'www.jiaying.edu.cn', 'www.jiaying.edu.cn', '1234567891', '18813973444');
INSERT INTO `contact_infos` VALUES ('111', 'admin', '负责人', '18813973446', '嘉应学院', '51400', '1095682334@qq.com', 'www.jiaying,edu.cn', 'www.jiaying,edu.cn', '153268', '18813973446');
INSERT INTO `contact_infos` VALUES ('114', '联系人', '职务', '18813973446', '嘉应学院', '51400', '1095682334@qq.com', 'www.jiaying,edu.cn', 'www.jiaying,edu.cn', '1235698', '18813973446');
INSERT INTO `contact_infos` VALUES ('117', 'admin ', '负责人', '18813973446', '嘉应学院', '51400', '1095682334@qq.com', 'www.jiaying,edu.cn', 'www.jiaying,edu.cn', '523697', '18813973446');
INSERT INTO `contact_infos` VALUES ('118', 'admin2', '执行总监', '18813973446', '嘉应学院', '51400', '1095682334@qq.com', 'www.jiaying,edu.cn', 'www.jiaying,edu.cn', '12358', '18813973446');
INSERT INTO `contact_infos` VALUES ('122', null, null, null, null, null, '1095682334@qq.com', null, null, null, '18813973446');
INSERT INTO `contact_infos` VALUES ('123', null, null, null, null, null, '1095682334@qq.com', null, null, null, '18813973446');
INSERT INTO `contact_infos` VALUES ('130', null, null, null, null, null, '1095682334@qq.com', null, null, null, '18813973446');
INSERT INTO `contact_infos` VALUES ('131', '', '', '', '', '', '1095682334@qq.com', '', '', '', '18813973446');
INSERT INTO `contact_infos` VALUES ('132', '', '', '', '', '', '1095682334@qq.com', '', '', '', '18813973446');
INSERT INTO `contact_infos` VALUES ('133', null, null, null, null, null, '1095682334@qq.com', null, null, null, '18813973446');
INSERT INTO `contact_infos` VALUES ('134', null, null, null, null, null, '1095682334@qq.com', null, null, null, '18813973446');
INSERT INTO `contact_infos` VALUES ('135', null, null, null, null, null, '1095682334@qq.com', null, null, null, '18813973446');
INSERT INTO `contact_infos` VALUES ('136', null, null, null, null, null, '1095682334@qq.com', null, null, null, '18813973446');
INSERT INTO `contact_infos` VALUES ('137', null, null, null, null, null, '1095682334@qq.com', null, null, null, '18813973446');
INSERT INTO `contact_infos` VALUES ('138', null, null, null, null, null, '1095682334@qq.com', null, null, null, '18813973446');

-- ----------------------------
-- Table structure for data_dictionaries
-- ----------------------------
DROP TABLE IF EXISTS `data_dictionaries`;
CREATE TABLE `data_dictionaries` (
  `DATA_DICTIONARY_ID` bigint(20) NOT NULL AUTO_INCREMENT,
  `DATA_KEY` varchar(32) DEFAULT NULL,
  `DATA_VALUE` varchar(32) DEFAULT NULL,
  PRIMARY KEY (`DATA_DICTIONARY_ID`)
) ENGINE=InnoDB DEFAULT CHARSET=utf8;

-- ----------------------------
-- Records of data_dictionaries
-- ----------------------------

-- ----------------------------
-- Table structure for documents
-- ----------------------------
DROP TABLE IF EXISTS `documents`;
CREATE TABLE `documents` (
  `DOCUMENT_ID` int(11) NOT NULL AUTO_INCREMENT,
  `DOCUMENT_URL` varchar(255) DEFAULT NULL COMMENT '文件路径',
  `DOCUMENT_DESC` varchar(255) DEFAULT NULL COMMENT '文件描述',
  `DOCUMENT_TYPE` int(11) DEFAULT NULL COMMENT '文件类型字段',
  PRIMARY KEY (`DOCUMENT_ID`)
) ENGINE=InnoDB AUTO_INCREMENT=35 DEFAULT CHARSET=utf8;

-- ----------------------------
-- Records of documents
-- ----------------------------
INSERT INTO `documents` VALUES ('26', 'uploadFiles/personImages/admin3/e6a20960104b11e7abd35d3d523cb045.jpg', '【admin3】的个人照片', '2');
INSERT INTO `documents` VALUES ('27', 'uploadFiles/idcardImages/admin3/0d894bb0104c11e7abd35d3d523cb045.jpg', '【admin3】的身份证照片', '1');
INSERT INTO `documents` VALUES ('28', 'uploadFiles/enclosures/admin3/0f99c3800ffc11e7dcd9fa8bf8c5ae5b.jar', '【admin3】的附件', '3');
INSERT INTO `documents` VALUES ('31', 'uploadFiles/enclosures/person/7b88c0d0130a11e73daf8e9315c1f8ef.jpg', '【person】的附件', '3');
INSERT INTO `documents` VALUES ('32', 'uploadFiles/homePageImages/home/9eb9f1e0104a11e769101e74c1076322.jpg', '主页宣传图片', '5');
INSERT INTO `documents` VALUES ('33', 'uploadFiles/personImages/person/b85d16c0120e11e711037bb88fc6cdfd.jpg', '【person】的个人照片', '2');
INSERT INTO `documents` VALUES ('34', 'uploadFiles/idcardImages/person/be576490120e11e711037bb88fc6cdfd.jpg', '【person】的身份证照片', '1');

-- ----------------------------
-- Table structure for infos
-- ----------------------------
DROP TABLE IF EXISTS `infos`;
CREATE TABLE `infos` (
  `INFO_ID` int(11) NOT NULL AUTO_INCREMENT COMMENT 'id',
  `INFO_TITLE` varchar(255) DEFAULT NULL COMMENT '信息标题',
  `INFO_CONTENT` text COMMENT '信息内容',
  `INFO_KEY` varchar(255) DEFAULT NULL COMMENT '关键词',
  `INFO_TYPE` int(11) DEFAULT NULL COMMENT '信息类型',
  `INFO_STATUS` int(11) DEFAULT NULL COMMENT '信息状态',
  `PUBLISHER_ID` varchar(255) DEFAULT NULL COMMENT '发布人',
  `PUBLISH_TIME` datetime DEFAULT NULL COMMENT '发布时间',
  `FILE_URL` varchar(255) DEFAULT NULL COMMENT '保存的文件路径',
  `FILE_DESC` varchar(128) DEFAULT NULL COMMENT '上传文件描述',
  PRIMARY KEY (`INFO_ID`)
) ENGINE=InnoDB AUTO_INCREMENT=37 DEFAULT CHARSET=utf8;

-- ----------------------------
-- Records of infos
-- ----------------------------
INSERT INTO `infos` VALUES ('35', '关于转发《关于举办2017年全国技术合同认定登记培训班的通知》的通知', '<div style=\"width:595.0pt;margin-bottom:72.0pt;margin-top:72.0pt;margin-left:90.0pt;margin-right:90.0pt;\"><p>&#21508;&#24066;&#31185;&#25216;&#23616;&#65306;</p><p style=\"text-indent:35.0pt;\"><span id=\"_GoBack\"/>&#20026;&#36143;&#24443;&#33853;&#23454;&#20826;&#30340;&#21313;&#20843;&#23626;&#19977;&#20013;&#12289;&#22235;&#20013;&#12289;&#20116;&#20013;&#12289;&#20845;&#20013;&#20840;&#20250;&#31934;&#31070;&#65292;&#21152;&#24378;&#25216;&#26415;&#24066;&#22330;&#31649;&#29702;&#65292;&#35268;&#33539;&#25216;&#26415;&#21512;&#21516;&#35748;&#23450;&#30331;&#35760;&#24037;&#20316;&#65292;&#31185;&#25216;&#37096;&#28779;&#28844;&#20013;&#24515;&#23450;&#20110;2017&#24180;4&#26376;20-21&#26085;&#22312;&#28023;&#21335;&#30465;&#28023;&#21475;&#24066;&#20030;&#21150;&ldquo;2017&#24180;&#20840;&#22269;&#25216;&#26415;&#21512;&#21516;&#35748;&#23450;&#30331;&#35760;&#22521;&#35757;&#29677;&rdquo;&#65292;&#29616;&#23558;&#36890;&#30693;&#36716;&#21457;&#32473;&#20320;&#20204;&#65292;&#35831;&#25353;&#29031;&#36890;&#30693;&#35201;&#27714;&#30003;&#25253;&#65292;&#30456;&#20851;&#26448;&#26009;&#35831;&#20110;4&#26376;9&#26085;&#21069;&#25253;&#36865;&#65292;&#20855;&#20307;&#35201;&#27714;&#22914;&#19979;&#65306;</p><p>1.&#22521;&#35757;&#23545;&#35937;&#20026;&#21508;&#24066;&#25216;&#26415;&#24066;&#22330;&#31649;&#29702;&#20154;&#21592;&#25110;&#29616;&#20174;&#20107;&#25216;&#26415;&#21512;&#21516;&#30331;&#35760;&#24037;&#20316;&#20154;&#21592;&#65292;&#26410;&#33719;&#24471;&#12298;&#20840;&#22269;&#25216;&#26415;&#21512;&#21516;&#35748;&#23450;&#30331;&#35760;&#21592;&#35777;&#20070;&#12299;&#30340;&#30331;&#35760;&#24037;&#20316;&#20154;&#21592;&#20248;&#20808;&#65292;&#20840;&#30465;&#19981;&#36229;&#36807;10&#21517;&#65307;</p><p>2.&#25253;&#21517;&#34920;&#21450;&#30331;&#35760;&#34920;&#30005;&#23376;&#29256;&#21457;&#36865;&#33267;sdjsscoffice@163.com&#65307;</p><p>3.&#30331;&#35760;&#34920;&#32440;&#36136;&#29256;&#65288;&#21152;&#30422;&#21333;&#20301;&#20844;&#31456;&#65289;&#21644;2&#23544;&#24425;&#33394;&#35777;&#20214;&#29031;2&#24352;&#65288;&#29031;&#29255;&#32972;&#20070;&#22995;&#21517;&#65289;&#25253;&#36865;&#33267;&#30465;&#25216;&#26415;&#24066;&#22330;&#31649;&#29702;&#26381;&#21153;&#20013;&#24515;&#12290;</p><p> </p><p>&#32852;&#31995;&#20154;&#65306;&#20110;&#32736;&#29618;</p><p>&#32852;&#31995;&#30005;&#35805;&#65306;0531-66777116</p><p>&#30005;&#23376;&#37038;&#31665;&#65306;sdjsscoffice@163.com</p><p>&#36890;&#35759;&#22320;&#22336;&#65306;&#27982;&#21335;&#24066;&#39640;&#26032;&#21306;&#33308;&#21326;&#36335;607&#21495;&#31185;&#25216;&#22823;&#21414;1012&#23460;</p><p> </p><p>&#38468;&#20214;:  &#12298;&#20851;&#20110;&#20030;&#21150;2017&#24180;&#20840;&#22269;&#25216;&#26415;&#21512;&#21516;&#35748;&#23450;&#30331;&#35760;&#22521;&#35757;&#29677;&#30340;&#36890;&#30693;&#12299;                                                                                                                                                                                                                                        </p><p style=\"text-align:left;text-indent:196.0pt;text-indent:35.0pt;\">&#23665;&#19996;&#30465;&#25216;&#26415;&#24066;&#22330;&#31649;&#29702;&#26381;&#21153;&#20013;&#24515;    </p><p style=\"text-align:left;text-indent:308.0pt;\">                                                                                                           2017&#24180;3&#26376;30&#26085;</p></div>', '合同认定', '2', '1', 'admin', '2017-04-03 14:49:41', 'uploadFiles/noticeFiles/system/b2499a20183911e7f3c3a2dd7678a125/b2499a20183911e7f3c3a2dd7678a125.docx', '《关于举办2017年全国技术合同认定登记培训班的通知》');
INSERT INTO `infos` VALUES ('36', '人力资源社会保障部关于支持和鼓励事业单位专业技术人员创新创业的指导意见', '<div style=\"width:595.0pt;margin-bottom:72.0pt;margin-top:72.0pt;margin-left:90.0pt;margin-right:90.0pt;\"><p style=\"text-align:center;\">&#20154;&#21147;&#36164;&#28304;&#31038;&#20250;&#20445;&#38556;&#37096;&#20851;&#20110;&#25903;&#25345;&#21644;&#40723;&#21169;&#20107;&#19994;&#21333;&#20301;&#19987;&#19994;&#25216;&#26415;&#20154;&#21592;&#21019;&#26032;&#21019;&#19994;&#30340;&#25351;&#23548;&#24847;&#35265;</p><p style=\"text-align:center;\">&#20154;&#31038;&#37096;&#35268;&#12308;2017&#12309;4&#21495;</p><p style=\"text-align:left;\">&#21508;&#30465;&#12289;&#33258;&#27835;&#21306;&#12289;&#30452;&#36758;&#24066;&#21450;&#26032;&#30086;&#29983;&#20135;&#24314;&#35774;&#20853;&#22242;&#20154;&#21147;&#36164;&#28304;&#31038;&#20250;&#20445;&#38556;&#21381;&#65288;&#23616;&#65289;&#65292;&#22269;&#21153;&#38498;&#21508;&#37096;&#22996;&#12289;&#21508;&#30452;&#23646;&#26426;&#26500;&#20154;&#20107;&#37096;&#38376;&#65306;</p><p style=\"text-indent:28.0pt;\">&#20026;&#36143;&#24443;&#33853;&#23454;&#20826;&#20013;&#22830;&#12289;&#22269;&#21153;&#38498;&#20851;&#20110;&#21152;&#24555;&#23454;&#26045;&#21019;&#26032;&#39537;&#21160;&#21457;&#23637;&#25112;&#30053;&#12289;&#28145;&#21270;&#20154;&#25165;&#21457;&#23637;&#20307;&#21046;&#26426;&#21046;&#25913;&#38761;&#12289;&#22823;&#21147;&#25512;&#36827;&#22823;&#20247;&#21019;&#19994;&#19975;&#20247;&#21019;&#26032;&#21644;&#20570;&#22909;&#26032;&#24418;&#21183;&#19979;&#23601;&#19994;&#21019;&#19994;&#24037;&#20316;&#30340;&#24635;&#20307;&#37096;&#32626;&#21644;&#35201;&#27714;&#65292;&#21457;&#25381;&#20107;&#19994;&#21333;&#20301;&#22312;&#31185;&#25216;&#21019;&#26032;&#21644;&#22823;&#20247;&#21019;&#19994;&#19975;&#20247;&#21019;&#26032;&#20013;&#30340;&#31034;&#33539;&#24341;&#23548;&#20316;&#29992;&#65292;&#28608;&#21457;&#39640;&#26657;&#12289;&#31185;&#30740;&#38498;&#25152;&#31561;&#20107;&#19994;&#21333;&#20301;&#65288;&#31616;&#31216;&ldquo;&#20107;&#19994;&#21333;&#20301;&rdquo;&#65289;&#19987;&#19994;&#25216;&#26415;&#20154;&#21592;&#31185;&#25216;&#21019;&#26032;&#27963;&#21147;&#21644;&#24178;&#20107;&#21019;&#19994;&#28909;&#24773;&#65292;&#20419;&#36827;&#20154;&#25165;&#22312;&#20107;&#19994;&#21333;&#20301;&#21644;&#20225;&#19994;&#38388;&#21512;&#29702;&#27969;&#21160;&#65292;&#33829;&#36896;&#26377;&#21033;&#20110;&#21019;&#26032;&#21019;&#19994;&#30340;&#25919;&#31574;&#21644;&#21046;&#24230;&#29615;&#22659;&#65292;&#25353;&#29031;&#31616;&#25919;&#25918;&#26435;&#12289;&#25918;&#31649;&#32467;&#21512;&#12289;&#20248;&#21270;&#26381;&#21153;&#30340;&#35201;&#27714;&#65292;&#29616;&#23601;&#25903;&#25345;&#21644;&#40723;&#21169;&#20107;&#19994;&#21333;&#20301;&#19987;&#19994;&#25216;&#26415;&#20154;&#21592;&#21019;&#26032;&#21019;&#19994;&#25552;&#20986;&#20197;&#19979;&#25351;&#23548;&#24847;&#35265;&#12290;</p><p style=\"text-indent:28.0pt;\">&#19968;&#12289;&#25903;&#25345;&#21644;&#40723;&#21169;&#20107;&#19994;&#21333;&#20301;&#36873;&#27966;&#19987;&#19994;&#25216;&#26415;&#20154;&#21592;&#21040;&#20225;&#19994;&#25346;&#32844;&#25110;&#32773;&#21442;&#19982;&#39033;&#30446;&#21512;&#20316;</p><p style=\"text-indent:28.0pt;\">&#20107;&#19994;&#21333;&#20301;&#36873;&#27966;&#31526;&#21512;&#26465;&#20214;&#30340;&#19987;&#19994;&#25216;&#26415;&#20154;&#21592;&#21040;&#20225;&#19994;&#25346;&#32844;&#25110;&#32773;&#21442;&#19982;&#39033;&#30446;&#21512;&#20316;&#65292;&#26159;&#24378;&#21270;&#31185;&#25216;&#21516;&#32463;&#27982;&#23545;&#25509;&#12289;&#21019;&#26032;&#25104;&#26524;&#21516;&#20135;&#19994;&#23545;&#25509;&#12289;&#21019;&#26032;&#39033;&#30446;&#21516;&#29616;&#23454;&#29983;&#20135;&#21147;&#23545;&#25509;&#30340;&#37325;&#35201;&#20030;&#25514;&#65292;&#26377;&#21161;&#20110;&#23454;&#29616;&#20225;&#19994;&#12289;&#39640;&#26657;&#12289;&#31185;&#30740;&#38498;&#25152;&#21327;&#21516;&#21019;&#26032;&#65292;&#24378;&#21270;&#23545;&#20225;&#19994;&#25216;&#26415;&#21019;&#26032;&#30340;&#28304;&#22836;&#25903;&#25345;&#12290;</p><p>&#20107;&#19994;&#21333;&#20301;&#19987;&#19994;&#25216;&#26415;&#20154;&#21592;&#21040;&#20225;&#19994;&#25346;&#32844;&#25110;&#32773;&#21442;&#19982;&#39033;&#30446;&#21512;&#20316;&#26399;&#38388;&#65292;&#19982;&#21407;&#21333;&#20301;&#22312;&#23703;&#20154;&#21592;&#21516;&#31561;&#20139;&#26377;&#21442;&#21152;&#32844;&#31216;&#35780;&#23457;&#12289;&#39033;&#30446;&#30003;&#25253;&#12289;&#23703;&#20301;&#31454;&#32856;&#12289;&#22521;&#35757;&#12289;&#32771;&#26680;&#12289;&#22870;&#21169;&#31561;&#26041;&#38754;&#26435;&#21033;&#12290;&#21512;&#20316;&#26399;&#28385;&#65292;&#24212;&#36820;&#22238;&#21407;&#21333;&#20301;&#65292;&#20107;&#19994;&#21333;&#20301;&#21487;&#20197;&#25353;&#29031;&#26377;&#20851;&#35268;&#23450;&#23545;&#19994;&#32489;&#31361;&#20986;&#20154;&#21592;&#22312;&#23703;&#20301;&#31454;&#32856;&#26102;&#20104;&#20197;&#20542;&#26012;&#65307;&#25152;&#20174;&#20107;&#24037;&#20316;&#30830;&#26410;&#32467;&#26463;&#30340;&#65292;&#19977;&#26041;&#21327;&#21830;&#19968;&#33268;&#21487;&#20197;&#32493;&#31614;&#21327;&#35758;&#12290;&#19987;&#19994;&#25216;&#26415;&#20154;&#21592;&#19982;&#20225;&#19994;&#21327;&#21830;&#19968;&#33268;&#65292;&#33258;&#24895;&#27969;&#21160;&#21040;&#20225;&#19994;&#24037;&#20316;&#30340;&#65292;&#20107;&#19994;&#21333;&#20301;&#24212;&#24403;&#21450;&#26102;&#19982;&#20854;&#35299;&#38500;&#32856;&#29992;&#21512;&#21516;&#24182;&#21150;&#29702;&#30456;&#20851;&#25163;&#32493;&#12290;</p><p style=\"text-indent:28.0pt;\">&#20107;&#19994;&#21333;&#20301;&#36873;&#27966;&#19987;&#19994;&#25216;&#26415;&#20154;&#21592;&#21040;&#20225;&#19994;&#25346;&#32844;&#25110;&#32773;&#21442;&#19982;&#39033;&#30446;&#21512;&#20316;&#65292;&#24212;&#24403;&#26681;&#25454;&#23454;&#38469;&#24773;&#20917;&#65292;&#19982;&#19987;&#19994;&#25216;&#26415;&#20154;&#21592;&#21464;&#26356;&#32856;&#29992;&#21512;&#21516;&#65292;&#32422;&#23450;&#23703;&#20301;&#32844;&#36131;&#21644;&#32771;&#26680;&#12289;&#24037;&#36164;&#24453;&#36935;&#31561;&#31649;&#29702;&#21150;&#27861;&#12290;&#20107;&#19994;&#21333;&#20301;&#12289;&#19987;&#19994;&#25216;&#26415;&#20154;&#21592;&#12289;&#20225;&#19994;&#24212;&#24403;&#32422;&#23450;&#24037;&#20316;&#26399;&#38480;&#12289;&#25253;&#37228;&#12289;&#22870;&#21169;&#31561;&#26435;&#21033;&#20041;&#21153;&#65292;&#20197;&#21450;&#20381;&#25454;&#19987;&#19994;&#25216;&#26415;&#20154;&#21592;&#26381;&#21153;&#24418;&#25104;&#30340;&#26032;&#25216;&#26415;&#12289;&#26032;&#26448;&#26009;&#12289;&#26032;&#21697;&#31181;&#20197;&#21450;&#25104;&#26524;&#36716;&#35753;&#12289;&#24320;&#21457;&#25910;&#30410;&#31561;&#36827;&#34892;&#26435;&#30410;&#20998;&#37197;&#31561;&#20869;&#23481;&#12290;</p><p style=\"text-indent:14.0pt;\">&#20108;&#12289;&#25903;&#25345;&#21644;&#40723;&#21169;&#20107;&#19994;&#21333;&#20301;&#19987;&#19994;&#25216;&#26415;&#20154;&#21592;&#20860;&#32844;&#21019;&#26032;&#25110;&#32773;&#22312;&#32844;&#21019;&#21150;&#20225;&#19994;</p><p>&#25903;&#25345;&#21644;&#40723;&#21169;&#20107;&#19994;&#21333;&#20301;&#19987;&#19994;&#25216;&#26415;&#20154;&#21592;&#21040;&#19982;&#26412;&#21333;&#20301;&#19994;&#21153;&#39046;&#22495;&#30456;&#36817;&#20225;&#19994;&#12289;&#31185;&#30740;&#26426;&#26500;&#12289;&#39640;&#26657;&#12289;&#31038;&#20250;&#32452;&#32455;&#31561;&#20860;&#32844;&#65292;&#25110;&#32773;&#21033;&#29992;&#19982;&#26412;&#20154;&#20174;&#20107;&#19987;&#19994;&#30456;&#20851;&#30340;&#21019;&#19994;&#39033;&#30446;&#22312;&#32844;&#21019;&#21150;&#20225;&#19994;&#65292;&#26159;&#40723;&#21169;&#20107;&#19994;&#21333;&#20301;&#19987;&#19994;&#25216;&#26415;&#20154;&#21592;&#21512;&#29702;&#21033;&#29992;&#26102;&#38388;&#65292;&#25366;&#25496;&#21019;&#26032;&#28508;&#21147;&#30340;&#37325;&#35201;&#20030;&#25514;&#65292;&#26377;&#21161;&#20110;&#25512;&#21160;&#31185;&#25216;&#25104;&#26524;&#21152;&#24555;&#21521;&#29616;&#23454;&#29983;&#20135;&#21147;&#36716;&#21270;&#12290;</p><p style=\"text-indent:28.0pt;\">&#20107;&#19994;&#21333;&#20301;&#19987;&#19994;&#25216;&#26415;&#20154;&#21592;&#22312;&#20860;&#32844;&#21333;&#20301;&#30340;&#24037;&#20316;&#19994;&#32489;&#25110;&#32773;&#22312;&#32844;&#21019;&#21150;&#20225;&#19994;&#21462;&#24471;&#30340;&#25104;&#32489;&#21487;&#20197;&#20316;&#20026;&#20854;&#32844;&#31216;&#35780;&#23457;&#12289;&#23703;&#20301;&#31454;&#32856;&#12289;&#32771;&#26680;&#31561;&#30340;&#37325;&#35201;&#20381;&#25454;&#12290;&#19987;&#19994;&#25216;&#26415;&#20154;&#21592;&#33258;&#24895;&#27969;&#21160;&#21040;&#20860;&#32844;&#21333;&#20301;&#24037;&#20316;&#65292;&#25110;&#32773;&#22312;&#32844;&#21019;&#21150;&#20225;&#19994;&#26399;&#38388;&#25552;&#20986;&#35299;&#38500;&#32856;&#29992;&#21512;&#21516;&#30340;&#65292;&#20107;&#19994;&#21333;&#20301;&#24212;&#24403;&#21450;&#26102;&#19982;&#20854;&#35299;&#38500;&#32856;&#29992;&#21512;&#21516;&#24182;&#21150;&#29702;&#30456;&#20851;&#25163;&#32493;&#12290;</p><p>&#20107;&#19994;&#21333;&#20301;&#19987;&#19994;&#25216;&#26415;&#20154;&#21592;&#20860;&#32844;&#25110;&#32773;&#22312;&#32844;&#21019;&#21150;&#20225;&#19994;&#65292;&#24212;&#35813;&#21516;&#26102;&#20445;&#35777;&#23653;&#34892;&#26412;&#21333;&#20301;&#23703;&#20301;&#32844;&#36131;&#12289;&#23436;&#25104;&#26412;&#32844;&#24037;&#20316;&#12290;&#19987;&#19994;&#25216;&#26415;&#20154;&#21592;&#24212;&#24403;&#25552;&#20986;&#20070;&#38754;&#30003;&#35831;&#65292;&#24182;&#32463;&#21333;&#20301;&#21516;&#24847;&#65307;&#21333;&#20301;&#24212;&#24403;&#23558;&#19987;&#19994;&#25216;&#26415;&#20154;&#21592;&#20860;&#32844;&#21644;&#22312;&#32844;&#21019;&#21150;&#20225;&#19994;&#24773;&#20917;&#22312;&#21333;&#20301;&#20869;&#37096;&#36827;&#34892;&#20844;&#31034;&#12290;&#20107;&#19994;&#21333;&#20301;&#24212;&#24403;&#19982;&#19987;&#19994;&#25216;&#26415;&#20154;&#21592;&#32422;&#23450;&#20860;&#32844;&#26399;&#38480;&#12289;&#20445;&#23494;&#12289;&#30693;&#35782;&#20135;&#26435;&#20445;&#25252;&#31561;&#20107;&#39033;&#12290;&#21019;&#19994;&#39033;&#30446;&#28041;&#21450;&#20107;&#19994;&#21333;&#20301;&#30693;&#35782;&#20135;&#26435;&#12289;&#31185;&#30740;&#25104;&#26524;&#30340;&#65292;&#20107;&#19994;&#21333;&#20301;&#12289;&#19987;&#19994;&#25216;&#26415;&#20154;&#21592;&#12289;&#30456;&#20851;&#20225;&#19994;&#21487;&#20197;&#35746;&#31435;&#21327;&#35758;&#65292;&#26126;&#30830;&#26435;&#30410;&#20998;&#37197;&#31561;&#20869;&#23481;&#12290;</p><p style=\"text-indent:28.0pt;\">&#19977;&#12289;&#25903;&#25345;&#21644;&#40723;&#21169;&#20107;&#19994;&#21333;&#20301;&#19987;&#19994;&#25216;&#26415;&#20154;&#21592;&#31163;&#23703;&#21019;&#26032;&#21019;&#19994;</p><p>&#20107;&#19994;&#21333;&#20301;&#19987;&#19994;&#25216;&#26415;&#20154;&#21592;&#24102;&#30528;&#31185;&#30740;&#39033;&#30446;&#21644;&#25104;&#26524;&#31163;&#23703;&#21019;&#21150;&#31185;&#25216;&#22411;&#20225;&#19994;&#25110;&#32773;&#21040;&#20225;&#19994;&#24320;&#23637;&#21019;&#26032;&#24037;&#20316;&#65288;&#31616;&#31216;&#31163;&#23703;&#21019;&#19994;&#65289;&#65292;&#26159;&#20805;&#20998;&#21457;&#25381;&#24066;&#22330;&#22312;&#20154;&#25165;&#36164;&#28304;&#37197;&#32622;&#20013;&#30340;&#20915;&#23450;&#24615;&#20316;&#29992;&#65292;&#25552;&#39640;&#20154;&#25165;&#27969;&#21160;&#24615;&#65292;&#26368;&#22823;&#38480;&#24230;&#28608;&#21457;&#21644;&#37322;&#25918;&#21019;&#26032;&#21019;&#19994;&#27963;&#21147;&#30340;&#37325;&#35201;&#20030;&#25514;&#65292;&#26377;&#21161;&#20110;&#31185;&#25216;&#21019;&#26032;&#25104;&#26524;&#24555;&#36895;&#23454;&#29616;&#20135;&#19994;&#21270;&#65292;&#36716;&#21270;&#20026;&#29616;&#23454;&#29983;&#20135;&#21147;&#12290;</p><p>&#20107;&#19994;&#21333;&#20301;&#19987;&#19994;&#25216;&#26415;&#20154;&#21592;&#31163;&#23703;&#21019;&#19994;&#26399;&#38388;&#20381;&#27861;&#32487;&#32493;&#22312;&#21407;&#21333;&#20301;&#21442;&#21152;&#31038;&#20250;&#20445;&#38505;&#65292;&#24037;&#36164;&#12289;&#21307;&#30103;&#31561;&#24453;&#36935;&#65292;&#30001;&#21508;&#22320;&#21508;&#37096;&#38376;&#26681;&#25454;&#22269;&#23478;&#21644;&#22320;&#26041;&#26377;&#20851;&#25919;&#31574;&#32467;&#21512;&#23454;&#38469;&#30830;&#23450;&#65292;&#36798;&#21040;&#22269;&#23478;&#35268;&#23450;&#36864;&#20241;&#26465;&#20214;&#30340;&#65292;&#24212;&#24403;&#21450;&#26102;&#21150;&#29702;&#36864;&#20241;&#25163;&#32493;&#12290;&#21019;&#19994;&#20225;&#19994;&#25110;&#25152;&#24037;&#20316;&#20225;&#19994;&#24212;&#24403;&#20381;&#27861;&#20026;&#31163;&#23703;&#21019;&#19994;&#20154;&#21592;&#32564;&#32435;&#24037;&#20260;&#20445;&#38505;&#36153;&#29992;&#65292;&#31163;&#23703;&#21019;&#19994;&#20154;&#21592;&#21457;&#29983;&#24037;&#20260;&#30340;&#65292;&#20381;&#27861;&#20139;&#21463;&#24037;&#20260;&#20445;&#38505;&#24453;&#36935;&#12290;&#31163;&#23703;&#21019;&#19994;&#26399;&#38388;&#38750;&#22240;&#24037;&#27515;&#20129;&#30340;&#65292;&#25191;&#34892;&#20154;&#20107;&#20851;&#31995;&#25152;&#22312;&#20107;&#19994;&#21333;&#20301;&#25242;&#24676;&#37329;&#21644;&#20007;&#33900;&#36153;&#35268;&#23450;&#12290;&#31163;&#23703;&#21019;&#19994;&#20154;&#21592;&#31163;&#23703;&#21019;&#19994;&#26399;&#38388;&#25191;&#34892;&#21407;&#21333;&#20301;&#32844;&#31216;&#35780;&#23457;&#12289;&#22521;&#35757;&#12289;&#32771;&#26680;&#12289;&#22870;&#21169;&#31561;&#31649;&#29702;&#21046;&#24230;&#12290;&#31163;&#23703;&#21019;&#19994;&#26399;&#38388;&#21462;&#24471;&#30340;&#19994;&#32489;&#12289;&#25104;&#26524;&#31561;&#65292;&#21487;&#20197;&#20316;&#20026;&#20854;&#32844;&#31216;&#35780;&#23457;&#30340;&#37325;&#35201;&#20381;&#25454;&#65307;&#21019;&#19994;&#19994;&#32489;&#31361;&#20986;&#65292;&#24180;&#24230;&#32771;&#26680;&#34987;&#30830;&#23450;&#20026;&#20248;&#31168;&#26723;&#27425;&#30340;&#65292;&#19981;&#21344;&#21407;&#21333;&#20301;&#32771;&#26680;&#20248;&#31168;&#27604;&#20363;&#12290;&#31163;&#23703;&#21019;&#19994;&#26399;&#38388;&#36829;&#21453;&#20107;&#19994;&#21333;&#20301;&#24037;&#20316;&#20154;&#21592;&#31649;&#29702;&#30456;&#20851;&#35268;&#23450;&#30340;&#65292;&#25353;&#29031;&#20107;&#19994;&#21333;&#20301;&#20154;&#20107;&#31649;&#29702;&#26465;&#20363;&#31561;&#30456;&#20851;&#25919;&#31574;&#27861;&#35268;&#22788;&#29702;&#12290;</p><p>&#20107;&#19994;&#21333;&#20301;&#23545;&#31163;&#23703;&#21019;&#19994;&#20154;&#21592;&#31163;&#23703;&#21019;&#19994;&#26399;&#38388;&#31354;&#20986;&#30340;&#23703;&#20301;&#65292;&#30830;&#22240;&#24037;&#20316;&#38656;&#35201;&#65292;&#32463;&#21516;&#32423;&#20107;&#19994;&#21333;&#20301;&#20154;&#20107;&#32508;&#21512;&#31649;&#29702;&#37096;&#38376;&#21516;&#24847;&#65292;&#21487;&#25353;&#22269;&#23478;&#26377;&#20851;&#35268;&#23450;&#29992;&#20110;&#32856;&#29992;&#24613;&#38656;&#20154;&#25165;&#12290;&#31163;&#23703;&#21019;&#19994;&#20154;&#21592;&#36820;&#22238;&#30340;&#65292;&#22914;&#26080;&#30456;&#24212;&#23703;&#20301;&#31354;&#32570;&#65292;&#21487;&#26242;&#26102;&#31361;&#30772;&#23703;&#20301;&#24635;&#37327;&#32856;&#29992;&#65292;&#24182;&#36880;&#27493;&#28040;&#21270;&#12290;&#31163;&#23703;&#21019;&#19994;&#20154;&#21592;&#31163;&#23703;&#21019;&#19994;&#26399;&#38388;&#65292;&#26412;&#20154;&#25552;&#20986;&#19982;&#21407;&#21333;&#20301;&#35299;&#38500;&#32856;&#29992;&#21512;&#21516;&#30340;&#65292;&#21407;&#21333;&#20301;&#24212;&#24403;&#20381;&#27861;&#35299;&#38500;&#32856;&#29992;&#21512;&#21516;&#65307;&#26412;&#20154;&#25552;&#20986;&#25552;&#21069;&#36820;&#22238;&#30340;&#65292;&#21487;&#20197;&#25552;&#21069;&#36820;&#22238;&#21407;&#21333;&#20301;&#12290;&#31163;&#23703;&#21019;&#19994;&#26399;&#28385;&#26080;&#27491;&#24403;&#29702;&#30001;&#26410;&#25353;&#35268;&#23450;&#36820;&#22238;&#30340;&#65292;&#21407;&#21333;&#20301;&#24212;&#24403;&#19982;&#20854;&#35299;&#38500;&#32856;&#29992;&#21512;&#21516;&#65292;&#32456;&#27490;&#20154;&#20107;&#20851;&#31995;&#65292;&#21150;&#29702;&#30456;&#20851;&#25163;&#32493;&#12290;</p><p>&#20107;&#19994;&#21333;&#20301;&#19987;&#19994;&#25216;&#26415;&#20154;&#21592;&#31163;&#23703;&#21019;&#19994;&#65292;&#39035;&#25552;&#20986;&#20070;&#38754;&#30003;&#35831;&#65292;&#32463;&#21333;&#20301;&#21516;&#24847;&#65292;&#21487;&#22312;3&#24180;&#20869;&#20445;&#30041;&#20154;&#20107;&#20851;&#31995;&#12290;&#23545;&#31163;&#23703;&#21019;&#21150;&#31185;&#25216;&#22411;&#20225;&#19994;&#30340;&#65292;&#25353;&#35268;&#23450;&#20139;&#21463;&#22269;&#23478;&#21019;&#19994;&#26377;&#20851;&#25206;&#25345;&#25919;&#31574;&#12290;&#20107;&#19994;&#21333;&#20301;&#19982;&#31163;&#23703;&#21019;&#19994;&#20154;&#21592;&#24212;&#24403;&#35746;&#31435;&#31163;&#23703;&#21327;&#35758;&#65292;&#32422;&#23450;&#31163;&#23703;&#20107;&#39033;&#12289;&#31163;&#23703;&#26399;&#38480;&#12289;&#22522;&#26412;&#24453;&#36935;&#12289;&#20445;&#23494;&#12289;&#25104;&#26524;&#24402;&#23646;&#31561;&#20869;&#23481;&#65292;&#26126;&#30830;&#21452;&#26041;&#26435;&#21033;&#20041;&#21153;&#65292;&#21516;&#26102;&#30456;&#24212;&#21464;&#26356;&#32856;&#29992;&#21512;&#21516;&#12290;&#31163;&#23703;&#21019;&#19994;&#39033;&#30446;&#28041;&#21450;&#21407;&#21333;&#20301;&#30693;&#35782;&#20135;&#26435;&#12289;&#31185;&#30740;&#25104;&#26524;&#30340;&#65292;&#20107;&#19994;&#21333;&#20301;&#12289;&#31163;&#23703;&#21019;&#19994;&#20154;&#21592;&#12289;&#30456;&#20851;&#20225;&#19994;&#21487;&#20197;&#35746;&#31435;&#21327;&#35758;&#65292;&#26126;&#30830;&#25910;&#30410;&#20998;&#37197;&#31561;&#20869;&#23481;&#12290;</p><p style=\"text-indent:28.0pt;\">&#22235;&#12289;&#25903;&#25345;&#21644;&#40723;&#21169;&#20107;&#19994;&#21333;&#20301;&#35774;&#32622;&#21019;&#26032;&#22411;&#23703;&#20301;</p><p>&#22312;&#20107;&#19994;&#21333;&#20301;&#35774;&#32622;&#21019;&#26032;&#22411;&#23703;&#20301;&#65292;&#26159;&#20419;&#36827;&#20107;&#19994;&#21333;&#20301;&#20840;&#38754;&#21442;&#19982;&#22269;&#23478;&#21019;&#26032;&#20307;&#31995;&#24314;&#35774;&#30340;&#37325;&#35201;&#20030;&#25514;&#65292;&#26377;&#21161;&#20110;&#20805;&#20998;&#21457;&#25381;&#39640;&#26657;&#12289;&#31185;&#30740;&#38498;&#25152;&#31561;&#20107;&#19994;&#21333;&#20301;&#20154;&#21147;&#36164;&#28304;&#21644;&#25216;&#26415;&#36164;&#28304;&#20248;&#21183;&#65292;&#21152;&#24555;&#25512;&#21160;&#31185;&#25216;&#21019;&#26032;&#12290;</p><p>&#20107;&#19994;&#21333;&#20301;&#21487;&#26681;&#25454;&#21019;&#26032;&#24037;&#20316;&#38656;&#35201;&#35774;&#32622;&#24320;&#23637;&#31185;&#25216;&#39033;&#30446;&#24320;&#21457;&#12289;&#31185;&#25216;&#25104;&#26524;&#25512;&#24191;&#21644;&#36716;&#21270;&#12289;&#31185;&#30740;&#31038;&#20250;&#26381;&#21153;&#31561;&#24037;&#20316;&#30340;&#23703;&#20301;&#65288;&#31616;&#31216;&ldquo;&#21019;&#26032;&#23703;&#20301;&rdquo;&#65289;&#65292;&#24182;&#25353;&#35268;&#23450;&#35843;&#25972;&#23703;&#20301;&#35774;&#32622;&#26041;&#26696;&#12290;&#36890;&#36807;&#35843;&#25972;&#23703;&#20301;&#35774;&#32622;&#38590;&#20197;&#28385;&#36275;&#21019;&#26032;&#24037;&#20316;&#38656;&#27714;&#30340;&#65292;&#21487;&#25353;&#35268;&#23450;&#30003;&#35831;&#35774;&#32622;&#29305;&#35774;&#23703;&#20301;&#65292;&#19981;&#21463;&#23703;&#20301;&#24635;&#37327;&#21644;&#32467;&#26500;&#27604;&#20363;&#38480;&#21046;&#12290;&#21019;&#26032;&#23703;&#20301;&#20154;&#36873;&#21487;&#20197;&#36890;&#36807;&#20869;&#37096;&#31454;&#32856;&#19978;&#23703;&#25110;&#32773;&#38754;&#21521;&#31038;&#20250;&#20844;&#24320;&#25307;&#32856;&#31561;&#26041;&#24335;&#20135;&#29983;&#65292;&#20219;&#32844;&#26465;&#20214;&#35201;&#27714;&#20855;&#26377;&#19982;&#23653;&#34892;&#23703;&#20301;&#32844;&#36131;&#30456;&#31526;&#30340;&#31185;&#25216;&#30740;&#21457;&#12289;&#31185;&#25216;&#21019;&#26032;&#12289;&#31185;&#25216;&#25104;&#26524;&#25512;&#24191;&#33021;&#21147;&#21644;&#27700;&#24179;&#12290;&#20107;&#19994;&#21333;&#20301;&#26681;&#25454;&#21019;&#26032;&#24037;&#20316;&#23454;&#38469;&#65292;&#21487;&#25506;&#32034;&#22312;&#21019;&#26032;&#23703;&#20301;&#23454;&#34892;&#28789;&#27963;&#12289;&#24377;&#24615;&#30340;&#24037;&#20316;&#26102;&#38388;&#65292;&#20415;&#20110;&#24037;&#20316;&#20154;&#21592;&#21512;&#29702;&#23433;&#25490;&#21033;&#29992;&#26102;&#38388;&#24320;&#23637;&#21019;&#26032;&#24037;&#20316;&#12290;&#20107;&#19994;&#21333;&#20301;&#32489;&#25928;&#24037;&#36164;&#20998;&#37197;&#24212;&#24403;&#21521;&#22312;&#21019;&#26032;&#23703;&#20301;&#20570;&#20986;&#31361;&#20986;&#25104;&#32489;&#30340;&#24037;&#20316;&#20154;&#21592;&#20542;&#26012;&#12290;&#21019;&#26032;&#23703;&#20301;&#24037;&#20316;&#20154;&#21592;&#20381;&#27861;&#21462;&#24471;&#30340;&#31185;&#25216;&#25104;&#26524;&#36716;&#21270;&#22870;&#21169;&#25910;&#20837;&#65292;&#19981;&#32435;&#20837;&#21333;&#20301;&#32489;&#25928;&#24037;&#36164;&#65307;&#21462;&#24471;&#30340;&#25216;&#26415;&#39033;&#30446;&#24320;&#21457;&#12289;&#31185;&#25216;&#25104;&#26524;&#25512;&#24191;&#21644;&#36716;&#21270;&#12289;&#31185;&#30740;&#31038;&#20250;&#26381;&#21153;&#25104;&#26524;&#65292;&#24212;&#24403;&#20316;&#20026;&#32844;&#31216;&#35780;&#23457;&#12289;&#39033;&#30446;&#30003;&#25253;&#12289;&#23703;&#20301;&#31454;&#32856;&#12289;&#32771;&#26680;&#12289;&#22870;&#21169;&#30340;&#37325;&#35201;&#20381;&#25454;&#12290;&#20107;&#19994;&#21333;&#20301;&#24212;&#24403;&#19982;&#21019;&#26032;&#23703;&#20301;&#24037;&#20316;&#20154;&#21592;&#35746;&#31435;&#25110;&#32773;&#21464;&#26356;&#32856;&#29992;&#21512;&#21516;&#65292;&#32856;&#29992;&#21512;&#21516;&#20869;&#23481;&#24212;&#24403;&#31526;&#21512;&#21019;&#26032;&#24037;&#20316;&#23454;&#38469;&#65292;&#26126;&#30830;&#21512;&#21516;&#26399;&#38480;&#12289;&#23703;&#20301;&#32844;&#36131;&#35201;&#27714;&#12289;&#23703;&#20301;&#24037;&#20316;&#26465;&#20214;&#12289;&#24037;&#36164;&#24453;&#36935;&#12289;&#31038;&#20250;&#20445;&#38505;&#12289;&#21512;&#21516;&#21464;&#26356;&#12289;&#32456;&#27490;&#21644;&#35299;&#38500;&#30340;&#26465;&#20214;&#12289;&#36829;&#21453;&#21512;&#21516;&#30340;&#36131;&#20219;&#31561;&#26465;&#27454;&#65292;&#21452;&#26041;&#21327;&#21830;&#19968;&#33268;&#65292;&#21487;&#20197;&#32422;&#23450;&#30693;&#35782;&#20135;&#26435;&#20445;&#25252;&#31561;&#26465;&#27454;&#12290;</p><p>&#20107;&#19994;&#21333;&#20301;&#21487;&#20197;&#35774;&#31435;&#27969;&#21160;&#23703;&#20301;&#65292;&#21560;&#24341;&#26377;&#21019;&#26032;&#23454;&#36341;&#32463;&#39564;&#30340;&#20225;&#19994;&#31649;&#29702;&#20154;&#25165;&#12289;&#31185;&#25216;&#20154;&#25165;&#21644;&#28023;&#22806;&#39640;&#27700;&#24179;&#21019;&#26032;&#20154;&#25165;&#20860;&#32844;&#12290;&#20107;&#19994;&#21333;&#20301;&#35774;&#32622;&#27969;&#21160;&#23703;&#20301;&#65292;&#21487;&#25353;&#35268;&#23450;&#30003;&#35831;&#35843;&#25972;&#24037;&#36164;&#24635;&#39069;&#65292;&#29992;&#20110;&#21457;&#25918;&#27969;&#21160;&#23703;&#20301;&#20154;&#21592;&#24037;&#20316;&#25253;&#37228;&#12290;&#27969;&#21160;&#23703;&#20301;&#20154;&#21592;&#36890;&#36807;&#20844;&#24320;&#25307;&#32856;&#12289;&#20154;&#25165;&#39033;&#30446;&#24341;&#36827;&#31561;&#26041;&#24335;&#34987;&#20107;&#19994;&#21333;&#20301;&#27491;&#24335;&#32856;&#29992;&#30340;&#65292;&#20854;&#22312;&#27969;&#21160;&#23703;&#20301;&#24037;&#20316;&#19994;&#32489;&#21487;&#20197;&#20316;&#20026;&#20107;&#19994;&#21333;&#20301;&#23703;&#20301;&#32856;&#29992;&#21644;&#32844;&#31216;&#35780;&#23457;&#30340;&#37325;&#35201;&#20381;&#25454;&#12290;&#20107;&#19994;&#21333;&#20301;&#24212;&#24403;&#19982;&#27969;&#21160;&#23703;&#20301;&#20154;&#21592;&#35746;&#31435;&#21327;&#35758;&#65292;&#26126;&#30830;&#24037;&#20316;&#26399;&#38480;&#12289;&#24037;&#20316;&#20869;&#23481;&#12289;&#24037;&#20316;&#26102;&#38388;&#12289;&#24037;&#20316;&#35201;&#27714;&#12289;&#24037;&#20316;&#26465;&#20214;&#12289;&#24037;&#20316;&#25253;&#37228;&#12289;&#20445;&#23494;&#12289;&#25104;&#26524;&#24402;&#23646;&#31561;&#20869;&#23481;&#12290;</p><p style=\"text-indent:28.0pt;\"><span id=\"_GoBack\"/>&#20116;&#12289;&#32452;&#32455;&#23454;&#26045;</p><p>&#21508;&#32423;&#20154;&#21147;&#36164;&#28304;&#31038;&#20250;&#20445;&#38556;&#37096;&#38376;&#35201;&#26641;&#31435;&#22823;&#23616;&#24847;&#35782;&#65292;&#20805;&#20998;&#35748;&#35782;&#21040;&#25903;&#25345;&#21644;&#40723;&#21169;&#20107;&#19994;&#21333;&#20301;&#19987;&#19994;&#25216;&#26415;&#20154;&#21592;&#21442;&#19982;&#21019;&#26032;&#21019;&#19994;&#24037;&#20316;&#30340;&#37325;&#35201;&#24847;&#20041;&#65292;&#25226;&#36825;&#39033;&#24037;&#20316;&#25670;&#21040;&#37325;&#35201;&#35758;&#20107;&#26085;&#31243;&#12290;&#35201;&#35299;&#25918;&#24605;&#24819;&#65292;&#22823;&#32966;&#21019;&#26032;&#65292;&#32467;&#21512;&#26412;&#22320;&#21306;&#26412;&#37096;&#38376;&#23454;&#38469;&#65292;&#32454;&#21270;&#30456;&#20851;&#25919;&#31574;&#65292;&#30740;&#31350;&#20855;&#20307;&#25514;&#26045;&#65292;&#20570;&#21040;&#30495;&#27491;&#20999;&#23454;&#31649;&#29992;&#65307;&#35201;&#21152;&#24378;&#32452;&#32455;&#23454;&#26045;&#65292;&#25351;&#23548;&#20107;&#19994;&#21333;&#20301;&#20027;&#31649;&#37096;&#38376;&#21644;&#20107;&#19994;&#21333;&#20301;&#33853;&#23454;&#25991;&#20214;&#35201;&#27714;&#65292;&#24314;&#31435;&#20581;&#20840;&#20869;&#37096;&#31649;&#29702;&#21046;&#24230;&#65292;&#30830;&#20445;&#25919;&#31574;&#33853;&#21040;&#23454;&#22788;&#65307;&#35201;&#25630;&#22909;&#36319;&#36394;&#26381;&#21153;&#65292;&#20999;&#23454;&#35299;&#20915;&#20107;&#19994;&#21333;&#20301;&#19987;&#19994;&#25216;&#26415;&#20154;&#21592;&#21019;&#26032;&#21019;&#19994;&#20013;&#30340;&#23454;&#38469;&#22256;&#38590;&#65292;&#35299;&#20915;&#20182;&#20204;&#30340;&#21518;&#39038;&#20043;&#24551;&#65292;&#20026;&#20107;&#19994;&#21333;&#20301;&#19987;&#19994;&#25216;&#26415;&#20154;&#21592;&#25237;&#36523;&#21019;&#26032;&#21457;&#23637;&#23454;&#36341;&#25552;&#20379;&#20154;&#20107;&#25919;&#31574;&#20445;&#38556;&#12290;&#21516;&#26102;&#65292;&#35201;&#36890;&#36807;&#23436;&#21892;&#32856;&#29992;&#21512;&#21516;&#31649;&#29702;&#12289;&#24378;&#21270;&#32771;&#26680;&#31561;&#21150;&#27861;&#65292;&#21152;&#24378;&#35268;&#33539;&#31649;&#29702;&#65307;&#25351;&#23548;&#20107;&#19994;&#21333;&#20301;&#25353;&#35268;&#23450;&#23450;&#26399;&#23558;&#31163;&#23703;&#21019;&#19994;&#20154;&#21592;&#24773;&#20917;&#25353;&#31243;&#24207;&#25253;&#20027;&#31649;&#37096;&#38376;&#24182;&#21516;&#32423;&#20107;&#19994;&#21333;&#20301;&#20154;&#20107;&#32508;&#21512;&#31649;&#29702;&#37096;&#38376;&#22791;&#26696;&#12290;&#35201;&#21450;&#26102;&#30740;&#31350;&#35299;&#20915;&#25919;&#31574;&#23454;&#26045;&#36807;&#31243;&#20013;&#30896;&#21040;&#30340;&#26032;&#24773;&#20917;&#12289;&#26032;&#38382;&#39064;&#65292;&#37325;&#28857;&#38382;&#39064;&#21450;&#26102;&#21521;&#20154;&#21147;&#36164;&#28304;&#31038;&#20250;&#20445;&#38556;&#37096;&#25253;&#21578;&#12290;</p><p> </p><p style=\"text-align:left;text-indent:273.0pt;\">&#20154;&#21147;&#36164;&#28304;&#31038;&#20250;&#20445;&#38556;&#37096;</p><p style=\"text-indent:287.0pt;\">2017&#24180;3&#26376;10&#26085;</p><p/></div>', '创新创业', '1', '1', 'admin', '2017-04-03 14:53:36', 'uploadFiles/policyFiles/system/3ee64e60183a11e7f3c3a2dd7678a125/3ee64e60183a11e7f3c3a2dd7678a125.docx', '人力资源社会保障部关于支持和鼓励事业单位专业技术人员创新创业的指导意见');

-- ----------------------------
-- Table structure for menus
-- ----------------------------
DROP TABLE IF EXISTS `menus`;
CREATE TABLE `menus` (
  `MENU_ID` int(11) NOT NULL AUTO_INCREMENT,
  `FATHER_MENU_ID` int(11) DEFAULT NULL COMMENT '父菜单id',
  `MENU_NAME` varchar(32) DEFAULT NULL COMMENT '菜单名',
  `MENU_LEVEL` int(11) DEFAULT NULL COMMENT '菜单级别',
  `MENU_ORDER` int(11) DEFAULT NULL COMMENT '菜单排序',
  `LINK_URL` varchar(255) DEFAULT NULL COMMENT '关联的url',
  `STATUS` int(11) DEFAULT NULL COMMENT '菜单状态',
  `CREATE_TIME` datetime NOT NULL COMMENT '创建时间',
  PRIMARY KEY (`MENU_ID`),
  KEY `FK_djr36jlatprs8xy84dwr0892b` (`FATHER_MENU_ID`)
) ENGINE=InnoDB AUTO_INCREMENT=55 DEFAULT CHARSET=utf8;

-- ----------------------------
-- Records of menus
-- ----------------------------
INSERT INTO `menus` VALUES ('1', '11', '个人用户管理', '2', '1', 'getManagment', '1', '2017-03-21 14:20:51');
INSERT INTO `menus` VALUES ('2', '11', '超级管理员管理', '2', '7', 'getManagment', '1', '2017-03-21 14:20:53');
INSERT INTO `menus` VALUES ('3', '11', '平台管理员管理', '2', '6', 'getManagment', '1', '2017-03-21 14:20:56');
INSERT INTO `menus` VALUES ('4', '11', '中介单位管理', '2', '3', 'getManagment', '1', '2017-03-21 14:20:58');
INSERT INTO `menus` VALUES ('5', '11', '企业用户管理', '2', '2', 'getManagment', '1', '2017-03-21 14:21:00');
INSERT INTO `menus` VALUES ('6', '11', '高校单位管理', '2', '4', 'getManagment', '1', '2017-03-21 14:21:02');
INSERT INTO `menus` VALUES ('7', '11', '科研单位管理', '2', '5', 'getManagment', '1', '2017-03-21 14:21:04');
INSERT INTO `menus` VALUES ('8', null, '菜单权限管理', '1', '2', 'menu/PermissionManagment', '1', '2017-03-21 14:21:08');
INSERT INTO `menus` VALUES ('9', '8', '菜单管理', '2', '3', 'getMenuManagment', '1', '2017-03-22 21:17:02');
INSERT INTO `menus` VALUES ('10', '8', '权限管理', '2', '2', 'getPermissionManagment', '1', '2017-03-21 14:21:13');
INSERT INTO `menus` VALUES ('11', null, '用户信息管理', '1', '1', 'user/userManagment', '1', '2017-03-22 16:13:19');
INSERT INTO `menus` VALUES ('17', null, '审核信息管理', '1', '4', 'getAuditManagment', '1', '2017-03-22 16:13:40');
INSERT INTO `menus` VALUES ('19', '17', '用户注册审核管理', '2', '1', 'getAuditUserManagment', '1', '2017-03-22 19:59:27');
INSERT INTO `menus` VALUES ('21', '17', '技术供给审核管理', '2', '2', 'getAuditTechSupplyManagment', '1', '2017-03-22 13:38:10');
INSERT INTO `menus` VALUES ('22', '17', '技术需求审核管理', '2', '3', 'getAuditTechRequireManagment', '1', '2017-03-22 13:39:25');
INSERT INTO `menus` VALUES ('23', null, '技术供给管理', '1', '4', 'getTechSupplyMangment', '1', '2017-03-22 15:48:43');
INSERT INTO `menus` VALUES ('24', null, '技术需求管理', '1', '5', 'getTechRequireManagment', '1', '2017-03-22 15:49:34');
INSERT INTO `menus` VALUES ('26', null, '政策法规管理', '1', '7', 'getPlicyManagment', '1', '2017-03-22 15:51:26');
INSERT INTO `menus` VALUES ('27', null, '系统公告管理', '1', '8', 'getNoticeManament', '1', '2017-03-22 15:52:10');
INSERT INTO `menus` VALUES ('28', null, '产品成果管理', '1', '9', 'getProduceManagment', '1', '2017-03-22 15:54:48');
INSERT INTO `menus` VALUES ('29', null, '会员信息管理', '1', '10', 'getUserInfoManagment', '1', '2017-03-22 15:56:33');
INSERT INTO `menus` VALUES ('30', '19', '个人用户审核', '3', '1', 'getAuditUserManagment', '1', '2017-03-23 18:23:26');
INSERT INTO `menus` VALUES ('31', '8', '角色管理', '2', '1', 'getRoleManagment', '1', '2017-03-22 21:16:49');
INSERT INTO `menus` VALUES ('32', '19', '企业用户审核', '3', '2', 'getCompanyAuditManagment', '1', '2017-03-22 19:45:47');
INSERT INTO `menus` VALUES ('33', '19', '高校用户审核', '3', '3', 'getAuditCollegeManagment', '1', '2017-03-22 19:36:36');
INSERT INTO `menus` VALUES ('34', '19', '科研单位用户审核', '3', '4', 'getAuditScientifyManament', '1', '2017-03-22 19:41:03');
INSERT INTO `menus` VALUES ('35', '19', '中介单位用户审核', '3', '5', 'getAuditAgencyManagment', '1', '2017-03-22 20:10:45');
INSERT INTO `menus` VALUES ('36', '23', '发布我的技术供给', '2', '1', 'getTechSupplyPublish', '1', '2017-03-22 20:45:56');
INSERT INTO `menus` VALUES ('37', '23', '管理我的技术供给', '2', '2', 'getTechSupplyManagment', '1', '2017-03-22 20:46:41');
INSERT INTO `menus` VALUES ('38', '24', '发布我的技术需求', '2', '1', 'getTechRequirePublish', '1', '2017-03-22 20:48:43');
INSERT INTO `menus` VALUES ('39', '24', '管理我的技术需求', '2', '2', 'getTechRequireManagment', '1', '2017-03-23 23:00:46');
INSERT INTO `menus` VALUES ('41', '26', '发布政策法规', '2', '1', 'getPolicyPublish', '1', '2017-03-22 22:06:55');
INSERT INTO `menus` VALUES ('42', '26', '管理政策法规', '2', '2', 'getPolicyManagment', '1', '2017-03-22 20:59:08');
INSERT INTO `menus` VALUES ('43', '27', '发布系统公告', '2', '1', 'getNoticePublish', '1', '2017-03-22 21:01:01');
INSERT INTO `menus` VALUES ('44', '27', '管理系统公告', '2', '2', 'getNoticeManagment', '1', '2017-03-22 21:01:54');
INSERT INTO `menus` VALUES ('45', '28', '发布我的产品成果', '2', '1', 'getProducePublish', '1', '2017-03-22 21:02:38');
INSERT INTO `menus` VALUES ('46', '28', '管理我的产品成果', '2', '2', 'getProduceManagment', '1', '2017-03-22 21:03:22');
INSERT INTO `menus` VALUES ('47', '29', '我的个人信息', '2', '1', 'getPersonInfoManagment', '1', '2017-03-22 21:08:39');
INSERT INTO `menus` VALUES ('48', '29', '我的企业信息', '2', '2', 'getCompanyInfoManagment', '1', '2017-03-22 21:08:47');
INSERT INTO `menus` VALUES ('49', '29', '我的高校信息', '2', '3', 'getCollegeManagment', '1', '2017-03-22 21:09:36');
INSERT INTO `menus` VALUES ('50', '29', '我的科研单位信息', '2', '7', 'getScientifyManagment', '1', '2017-03-22 21:13:25');
INSERT INTO `menus` VALUES ('51', '29', '我的中介单位信息', '2', '5', 'getAgencyManagment', '1', '2017-03-22 21:11:01');
INSERT INTO `menus` VALUES ('52', '29', '我的管理员信息', '2', '4', 'getPlatFormInfoManagment', '1', '2017-03-22 21:13:04');
INSERT INTO `menus` VALUES ('54', '17', '产品成果审核管理', '2', '4', 'getProduceAuditManagment', '1', '2017-03-28 13:16:28');

-- ----------------------------
-- Table structure for permissions
-- ----------------------------
DROP TABLE IF EXISTS `permissions`;
CREATE TABLE `permissions` (
  `PERMISSION_ID` int(11) NOT NULL AUTO_INCREMENT,
  `FATHER_PERMISSION_ID` int(11) DEFAULT NULL COMMENT '父权限id',
  `PERMISSION_MARK` int(11) DEFAULT NULL COMMENT '权限标记',
  `PERMISSION_LEVEL` int(11) DEFAULT NULL COMMENT '权限级别',
  `PERMISSION_NAME` varchar(255) DEFAULT NULL COMMENT '权限名称',
  `DESCRIPTION` varchar(255) DEFAULT NULL COMMENT '描述',
  `STATUS` int(11) DEFAULT '1' COMMENT '权限状态',
  `CREATE_TIME` datetime NOT NULL COMMENT '创建时间',
  `OPERATE_TIME` datetime DEFAULT NULL COMMENT '上次操作时间',
  PRIMARY KEY (`PERMISSION_ID`),
  KEY `FK_94k5em7snpfoci8plkmgdxxbt` (`FATHER_PERMISSION_ID`)
) ENGINE=InnoDB AUTO_INCREMENT=71 DEFAULT CHARSET=utf8;

-- ----------------------------
-- Records of permissions
-- ----------------------------
INSERT INTO `permissions` VALUES ('1', '11', '2', '2', 'user:read_person_info', '读取个人用户信息权限', '1', '2017-03-22 19:20:25', '2017-03-22 19:20:25');
INSERT INTO `permissions` VALUES ('2', '11', '2', '2', 'user:read_super_admin_info', '读取超级管理员信息权限', '1', '2017-03-22 19:20:20', '2017-03-22 19:20:20');
INSERT INTO `permissions` VALUES ('3', '11', '2', '2', 'user:read_plat_admin_info', '读取平台管理员信息权限', '1', '2017-03-22 19:20:19', '2017-03-22 19:20:19');
INSERT INTO `permissions` VALUES ('4', '11', '2', '2', 'user:read_agency_info', '读取中介机构信息权限', '1', '2017-03-22 19:20:18', '2017-03-22 19:20:18');
INSERT INTO `permissions` VALUES ('5', '11', '2', '2', 'user:read_colleage_info', '读取高校用户信息权限', '1', '2017-03-22 19:20:15', '2017-03-22 20:41:32');
INSERT INTO `permissions` VALUES ('6', '11', '2', '2', 'user:read_scientif_info', '读取科研单位信息权限', '1', '2017-03-22 19:20:14', '2017-03-22 19:20:14');
INSERT INTO `permissions` VALUES ('7', '11', '2', '2', 'user:read_company_info', '读取企业用户信息权限', '1', '2017-03-22 19:20:12', '2017-03-22 20:41:58');
INSERT INTO `permissions` VALUES ('8', null, '1', '1', 'user:permission_menu_manager', '菜单权限管理权限', '1', '2017-03-22 22:02:51', '2017-03-22 22:02:51');
INSERT INTO `permissions` VALUES ('9', '8', '1', '2', 'user:menu_manager', '菜单管理权限', '1', '2017-03-22 22:02:49', '2017-03-22 22:02:49');
INSERT INTO `permissions` VALUES ('10', '8', '1', '2', 'user:permission_manager', '权限管理权限', '1', '2017-03-22 22:02:48', '2017-03-22 22:02:48');
INSERT INTO `permissions` VALUES ('11', null, '1', '1', 'user:user_managment', '用户信息管理权限', '1', '2017-03-22 19:20:08', '2017-03-22 20:40:00');
INSERT INTO `permissions` VALUES ('12', '8', '2', '2', 'menu:read_menu', '读取菜单的权限', '1', '2017-03-22 22:02:46', '2017-03-22 22:02:46');
INSERT INTO `permissions` VALUES ('13', '8', '2', '2', 'menu:update_menu', '更新菜单的权限', '1', '2017-03-22 22:02:38', '2017-03-22 22:02:38');
INSERT INTO `permissions` VALUES ('14', '10', '2', '3', 'menu:add_permission', '添加权限的权限', '1', '2017-03-22 22:02:44', '2017-03-22 22:02:44');
INSERT INTO `permissions` VALUES ('15', '11', '2', '2', 'user:add_user', '添加用户的权限', '1', '2017-03-22 19:18:26', '2017-03-22 19:18:26');
INSERT INTO `permissions` VALUES ('16', '11', '2', '2', 'user:delete_user', '删除用户的权限', '1', '2017-03-22 19:18:25', '2017-03-22 19:18:25');
INSERT INTO `permissions` VALUES ('17', '9', '2', '3', 'menu:add_menu', '添加菜单的权限', '1', '2017-03-22 22:02:42', '2017-03-22 22:02:42');
INSERT INTO `permissions` VALUES ('18', '9', '2', '3', 'menu:delete_menu', '删除菜单的权限', '1', '2017-03-22 22:02:40', '2017-03-22 22:02:40');
INSERT INTO `permissions` VALUES ('19', null, '1', '1', 'audit:audit_managment', '审核信息管理权限', '1', '2017-03-22 19:18:17', '2017-03-22 19:18:17');
INSERT INTO `permissions` VALUES ('20', '19', '2', '2', 'audit:read_audit_info', '读取审核信息权限', '1', '2017-03-22 19:18:15', '2017-03-22 19:18:15');
INSERT INTO `permissions` VALUES ('28', '19', '1', '2', 'audit:audit_user_managment', '用户审核管理权限', '1', '2017-03-22 19:18:12', '2017-03-22 19:18:12');
INSERT INTO `permissions` VALUES ('29', '28', '1', '3', 'audit:audit_conpany_managment', '企业用户审核管理权限', '1', '2017-03-22 19:18:09', '2017-03-22 19:44:06');
INSERT INTO `permissions` VALUES ('30', '28', '1', '3', 'audit:audit_person_managment', '个人用户审核管理权限', '1', '2017-03-22 19:18:07', '2017-03-22 19:18:07');
INSERT INTO `permissions` VALUES ('31', '19', '1', '2', 'audit:tech_supply_managment', '技术供给审核管理权限', '1', '2017-03-22 19:18:05', '2017-03-22 19:18:05');
INSERT INTO `permissions` VALUES ('32', '19', '1', '2', 'audit:tech_require_managment', '技术需求审核管理权限', '1', '2017-03-22 19:18:02', '2017-03-22 19:18:02');
INSERT INTO `permissions` VALUES ('33', '28', '1', '3', 'audit:audit_colleage_managment', '高校用户审核管理权限', '1', '2017-03-22 19:18:00', '2017-03-22 19:18:00');
INSERT INTO `permissions` VALUES ('34', '28', '1', '3', 'audit:audit_scientify_managment', '科研单位用户审核管理权限', '1', '2017-03-22 19:17:29', '2017-03-22 19:17:29');
INSERT INTO `permissions` VALUES ('35', '28', '1', '3', 'audit:audit_agency_managment', '中介单位用户审核管理权限', '1', '2017-03-22 19:17:28', '2017-03-22 19:17:28');
INSERT INTO `permissions` VALUES ('36', '19', '1', '2', 'permission:general_permission_managment', '普通权限管理权限', '1', '2017-03-22 19:17:26', '2017-03-22 19:17:26');
INSERT INTO `permissions` VALUES ('37', null, '1', '1', 'policy:policy_managment', '政策法规管理权限', '1', '2017-03-23 18:34:05', '2017-03-23 18:34:05');
INSERT INTO `permissions` VALUES ('38', null, '1', '1', 'notice:notice_managment', '系统公告管理权限', '1', '2017-03-22 19:17:17', '2017-03-22 20:40:31');
INSERT INTO `permissions` VALUES ('40', null, '1', '1', 'tech:tech_supply_managment', '技术供给管理权限', '1', '2017-03-22 19:17:10', '2017-03-22 19:17:10');
INSERT INTO `permissions` VALUES ('41', null, '1', '1', 'tech:tech_require_managment', '技术需求管理权限', '1', '2017-03-22 19:17:08', '2017-03-22 19:17:08');
INSERT INTO `permissions` VALUES ('42', null, '1', '1', 'user:user_info_managment', '会员信息管理权限', '1', '2017-03-22 20:28:40', '2017-03-22 20:28:40');
INSERT INTO `permissions` VALUES ('43', null, '1', '1', 'produce:produce_managment', '产品成果管理权限', '1', '2017-03-22 19:17:04', '2017-03-22 19:17:04');
INSERT INTO `permissions` VALUES ('44', '8', '1', '2', 'role:role_pemission_managment', '角色权限管理权限', '1', '2017-03-22 22:02:54', '2017-03-22 22:02:54');
INSERT INTO `permissions` VALUES ('46', '40', '1', '2', 'tech:tech_supply_publish', '发布我的技术供给权限', '1', '2017-03-22 20:17:25', '2017-03-22 20:22:24');
INSERT INTO `permissions` VALUES ('47', '40', '1', '2', 'tech:managment_tech_supply', '管理我的技术供给权限', '1', '2017-03-22 20:18:52', '2017-03-22 20:22:34');
INSERT INTO `permissions` VALUES ('48', '41', '1', '2', 'tech:tech_require_publish', '发布我的技术需求权限', '1', '2017-03-22 20:20:33', '2017-03-22 20:22:04');
INSERT INTO `permissions` VALUES ('49', '41', '1', '2', 'tech:mange_tech_require', '管理我的技术需求权限', '1', '2017-03-22 20:21:49', '2017-03-22 20:21:49');
INSERT INTO `permissions` VALUES ('50', '42', '1', '2', 'user:personal_info_managment', '我的个人信息维护权限', '1', '2017-03-22 20:28:40', '2017-03-22 20:28:40');
INSERT INTO `permissions` VALUES ('51', '42', '1', '2', 'user:company_info_managment', '我的企业信息维护权限', '1', '2017-03-22 20:28:40', '2017-03-22 20:28:40');
INSERT INTO `permissions` VALUES ('52', '42', '1', '2', 'user:college_info_managment', '我的高校信息维护权限', '1', '2017-03-22 20:28:40', '2017-03-22 20:28:40');
INSERT INTO `permissions` VALUES ('53', '42', '1', '2', 'user:scientify_info_managment', '我的科研单位信息维护权限', '1', '2017-03-22 20:28:40', '2017-03-22 20:28:40');
INSERT INTO `permissions` VALUES ('54', '42', '1', '2', 'user:agency_info_managment', '我的中介单位信息维护权限', '1', '2017-03-22 20:28:40', '2017-03-22 20:28:40');
INSERT INTO `permissions` VALUES ('55', '42', '1', '2', 'user:platform_info_managment', '我的管理员信息维护权限', '1', '2017-03-22 20:29:48', '2017-03-22 20:31:36');
INSERT INTO `permissions` VALUES ('56', '43', '1', '2', 'produce:produce_publish', '发布我的产品成果权限', '1', '2017-03-22 20:31:18', '2017-03-22 20:32:56');
INSERT INTO `permissions` VALUES ('57', '43', '1', '2', 'produce:manage_produce', '管理我的产品成果权限', '1', '2017-03-22 20:32:42', '2017-03-22 20:33:10');
INSERT INTO `permissions` VALUES ('58', '37', '1', '2', 'policy:publish_policy', '发布政策法规权限', '1', '2017-03-23 18:31:21', '2017-03-23 18:31:21');
INSERT INTO `permissions` VALUES ('59', '37', '1', '2', 'policy:manage_policy', '管理政策法规权限', '1', '2017-03-23 18:34:05', '2017-03-23 18:34:05');
INSERT INTO `permissions` VALUES ('60', '38', '1', '2', 'notice:publsh_notice', '发布系统公告权限', '1', '2017-03-22 20:36:46', '2017-03-22 20:38:41');
INSERT INTO `permissions` VALUES ('61', '38', '1', '2', 'notice:manage_notice', '管理系统公告权限', '1', '2017-03-22 20:38:17', '2017-03-22 20:40:58');
INSERT INTO `permissions` VALUES ('63', '62', '1', '2', 'butt:manage_butt', '供需对接权限', '1', '2017-03-22 22:21:43', '2017-03-22 22:21:43');
INSERT INTO `permissions` VALUES ('65', '66', '1', '2', 'test2', '子菜单权限1', '1', '2017-03-28 14:55:32', '2017-03-28 14:55:32');
INSERT INTO `permissions` VALUES ('70', '19', '1', '2', 'audit:produce_audit_managment', '产品成果审核管理权限', '1', '2017-03-28 15:24:00', '2017-03-28 15:24:00');

-- ----------------------------
-- Table structure for permission_menus
-- ----------------------------
DROP TABLE IF EXISTS `permission_menus`;
CREATE TABLE `permission_menus` (
  `PERMISSION_MUNU_ID` int(11) NOT NULL AUTO_INCREMENT,
  `PERMISSION_ID` int(11) DEFAULT NULL,
  `MENU_ID` int(11) DEFAULT NULL,
  `CREATE_TIME` datetime DEFAULT NULL,
  PRIMARY KEY (`PERMISSION_MUNU_ID`)
) ENGINE=InnoDB AUTO_INCREMENT=49 DEFAULT CHARSET=utf8;

-- ----------------------------
-- Records of permission_menus
-- ----------------------------
INSERT INTO `permission_menus` VALUES ('1', '1', '1', '2017-03-13 01:10:35');
INSERT INTO `permission_menus` VALUES ('2', '2', '2', '2017-03-13 01:10:48');
INSERT INTO `permission_menus` VALUES ('3', '3', '3', '2017-03-13 01:10:56');
INSERT INTO `permission_menus` VALUES ('4', '4', '4', '2017-03-13 01:11:06');
INSERT INTO `permission_menus` VALUES ('5', '5', '5', '2017-03-13 01:11:17');
INSERT INTO `permission_menus` VALUES ('6', '6', '6', '2017-03-13 01:11:31');
INSERT INTO `permission_menus` VALUES ('7', '7', '7', '2017-03-13 01:11:40');
INSERT INTO `permission_menus` VALUES ('8', '8', '8', '2017-03-14 08:49:00');
INSERT INTO `permission_menus` VALUES ('9', '9', '9', '2017-03-14 08:49:11');
INSERT INTO `permission_menus` VALUES ('10', '10', '10', '2017-03-14 08:49:23');
INSERT INTO `permission_menus` VALUES ('11', '11', '11', '2017-03-14 09:03:47');
INSERT INTO `permission_menus` VALUES ('12', '19', '17', '2017-03-20 13:27:49');
INSERT INTO `permission_menus` VALUES ('13', '28', '19', '2017-03-22 20:02:46');
INSERT INTO `permission_menus` VALUES ('15', '31', '21', '2017-03-22 14:00:04');
INSERT INTO `permission_menus` VALUES ('16', '32', '22', '2017-03-22 14:00:07');
INSERT INTO `permission_menus` VALUES ('17', '40', '23', '2017-03-22 15:48:43');
INSERT INTO `permission_menus` VALUES ('18', '41', '24', '2017-03-22 15:49:34');
INSERT INTO `permission_menus` VALUES ('20', '37', '26', '2017-03-22 15:51:26');
INSERT INTO `permission_menus` VALUES ('21', '38', '27', '2017-03-22 15:52:10');
INSERT INTO `permission_menus` VALUES ('22', '43', '28', '2017-03-22 15:54:48');
INSERT INTO `permission_menus` VALUES ('23', '42', '29', '2017-03-22 15:56:33');
INSERT INTO `permission_menus` VALUES ('24', '30', '30', '2017-03-22 18:53:02');
INSERT INTO `permission_menus` VALUES ('25', '44', '31', '2017-03-22 19:07:20');
INSERT INTO `permission_menus` VALUES ('26', '29', '32', '2017-03-22 19:13:08');
INSERT INTO `permission_menus` VALUES ('27', '33', '33', '2017-03-22 19:36:36');
INSERT INTO `permission_menus` VALUES ('28', '34', '34', '2017-03-22 19:41:03');
INSERT INTO `permission_menus` VALUES ('29', '35', '35', '2017-03-22 20:10:45');
INSERT INTO `permission_menus` VALUES ('30', '46', '36', '2017-03-22 20:45:56');
INSERT INTO `permission_menus` VALUES ('31', '47', '37', '2017-03-22 20:46:41');
INSERT INTO `permission_menus` VALUES ('32', '48', '38', '2017-03-22 20:48:43');
INSERT INTO `permission_menus` VALUES ('33', '49', '39', '2017-03-22 20:49:51');
INSERT INTO `permission_menus` VALUES ('35', '58', '41', '2017-03-22 20:58:20');
INSERT INTO `permission_menus` VALUES ('36', '59', '42', '2017-03-22 20:59:08');
INSERT INTO `permission_menus` VALUES ('37', '60', '43', '2017-03-22 21:01:01');
INSERT INTO `permission_menus` VALUES ('38', '61', '44', '2017-03-22 21:01:54');
INSERT INTO `permission_menus` VALUES ('39', '56', '45', '2017-03-22 21:02:38');
INSERT INTO `permission_menus` VALUES ('40', '57', '46', '2017-03-22 21:03:22');
INSERT INTO `permission_menus` VALUES ('41', '50', '47', '2017-03-22 21:05:33');
INSERT INTO `permission_menus` VALUES ('42', '51', '48', '2017-03-22 21:07:22');
INSERT INTO `permission_menus` VALUES ('43', '52', '49', '2017-03-22 21:09:36');
INSERT INTO `permission_menus` VALUES ('44', '53', '50', '2017-03-22 21:10:17');
INSERT INTO `permission_menus` VALUES ('45', '54', '51', '2017-03-22 21:11:01');
INSERT INTO `permission_menus` VALUES ('46', '55', '52', '2017-03-22 21:12:09');
INSERT INTO `permission_menus` VALUES ('48', '70', '54', '2017-03-28 13:16:28');

-- ----------------------------
-- Table structure for persons
-- ----------------------------
DROP TABLE IF EXISTS `persons`;
CREATE TABLE `persons` (
  `PERSON_ID` int(11) NOT NULL AUTO_INCREMENT,
  `POLITICAL_LANDSCAPE` int(11) DEFAULT NULL COMMENT '政治面貌',
  `LEARN_MAJOR_ID` int(11) DEFAULT NULL COMMENT '所学专业id',
  `DEGREE_ID` int(11) DEFAULT NULL COMMENT '学位',
  `UNIVERSITY` varchar(64) DEFAULT NULL COMMENT '毕业院校',
  `WORK_MAJOR_ID` int(11) DEFAULT NULL COMMENT '从事专业',
  `INDUSTRY_ID` int(11) DEFAULT NULL COMMENT '研究行业id',
  `RESEARCH_DIRECTION` varchar(64) DEFAULT NULL COMMENT '研究方向',
  `INFO_KEY` varchar(255) DEFAULT NULL COMMENT '关键字',
  `ACHIEVEMENT` varchar(255) DEFAULT NULL COMMENT '个人成绩成果简介',
  `ENCLOSURE_ID` int(11) DEFAULT NULL COMMENT '附件id',
  `BASE_INFO_ID` int(11) DEFAULT NULL COMMENT '个人基本信息id',
  `ACADEMIC_TITLE_ID` int(11) DEFAULT NULL COMMENT '职称',
  `HIGH_TECH_FIELD_ID` int(11) DEFAULT NULL COMMENT '高新技术领域',
  `LOCATION_ID` int(11) DEFAULT NULL COMMENT '所在地',
  PRIMARY KEY (`PERSON_ID`)
) ENGINE=InnoDB AUTO_INCREMENT=4 DEFAULT CHARSET=utf8;

-- ----------------------------
-- Records of persons
-- ----------------------------
INSERT INTO `persons` VALUES ('3', '1', '81202', null, '嘉应学院', '81202', '201', '软件开发', '软件', '成果简介               ', '31', '22', '505', '201', '112');

-- ----------------------------
-- Table structure for person_infos
-- ----------------------------
DROP TABLE IF EXISTS `person_infos`;
CREATE TABLE `person_infos` (
  `PBI_ID` int(11) NOT NULL AUTO_INCREMENT,
  `PERSON_NAME` varchar(32) DEFAULT NULL COMMENT '用户名',
  `IDCARD_NUMBER` varchar(32) DEFAULT NULL COMMENT '身份证号',
  `IDCARD_IMAGE_ID` varchar(11) DEFAULT NULL COMMENT '身份证正面图片id',
  `SEX` int(11) DEFAULT NULL COMMENT '性别',
  `NATION` varchar(32) DEFAULT NULL COMMENT '民族',
  `BIRTH` datetime DEFAULT NULL COMMENT '出生日期',
  `EDUCATION_ID` int(11) DEFAULT NULL COMMENT '学历id',
  `WORKPLACE` varchar(64) DEFAULT NULL COMMENT '工作单位',
  `BUSINESS` varchar(255) DEFAULT NULL COMMENT '职务',
  `PERSON_IMAGE_ID` int(11) DEFAULT NULL COMMENT '个人照片id',
  `PERSONAL_PROFILE` varchar(255) DEFAULT NULL COMMENT '个人简介',
  `REMARK` varchar(255) DEFAULT NULL COMMENT '备注',
  `CONTACT_ID` int(11) DEFAULT NULL COMMENT '联系人id',
  PRIMARY KEY (`PBI_ID`)
) ENGINE=InnoDB AUTO_INCREMENT=24 DEFAULT CHARSET=utf8;

-- ----------------------------
-- Records of person_infos
-- ----------------------------
INSERT INTO `person_infos` VALUES ('19', null, null, null, null, null, '2017-03-18 01:12:00', null, null, null, null, null, null, '27');
INSERT INTO `person_infos` VALUES ('22', '张三', '1231424555', '34', '1', '汉族', '2017-03-27 00:00:00', '5', '计算机学院', '开发', '33', '个人简介	\r\n	                        ', '备注\r\n	                        ', '31');
INSERT INTO `person_infos` VALUES ('23', null, null, null, null, null, null, null, null, null, null, null, null, '37');

-- ----------------------------
-- Table structure for produces
-- ----------------------------
DROP TABLE IF EXISTS `produces`;
CREATE TABLE `produces` (
  `PRODUCE_ID` int(11) NOT NULL AUTO_INCREMENT COMMENT '产品id',
  `PRODUCE_NAME` varchar(255) DEFAULT NULL COMMENT '产品成果名称',
  `PRODUCE_DESC` text COMMENT '产品成果描述',
  `PRODUCE_TYPE_ID` int(11) DEFAULT NULL COMMENT '产品成果类别',
  `PRODUCE_STATUS` int(11) DEFAULT '-1' COMMENT '产品成果状态',
  `PRODUCE_KEY` varchar(255) DEFAULT NULL COMMENT '搜索关键字',
  `PUBLISHER_ID` varchar(64) DEFAULT NULL COMMENT '发布人Id',
  `IS_RECOMMEND` int(11) DEFAULT '-1' COMMENT '是否推荐到首页展示',
  `AUDIT_INFO_ID` int(11) DEFAULT NULL COMMENT '审核信息id',
  `CONTACT_INFO_ID` int(11) DEFAULT NULL COMMENT '联系人信息id',
  `PAGE_VIEW` int(11) DEFAULT '0' COMMENT '浏览次数',
  `PUBLISH_TIME` datetime DEFAULT NULL COMMENT '发布时间',
  PRIMARY KEY (`PRODUCE_ID`)
) ENGINE=InnoDB AUTO_INCREMENT=37 DEFAULT CHARSET=utf8;

-- ----------------------------
-- Records of produces
-- ----------------------------
INSERT INTO `produces` VALUES ('30', null, null, null, '1', null, 'person', '-1', '95', '91', '0', null);
INSERT INTO `produces` VALUES ('36', '测试1', '产品描述', '1', '1', '测试', 'admin', '1', '142', '138', '0', '2017-04-03 00:00:00');

-- ----------------------------
-- Table structure for produce_images
-- ----------------------------
DROP TABLE IF EXISTS `produce_images`;
CREATE TABLE `produce_images` (
  `PRODUCE_IMAGE_ID` int(11) unsigned zerofill NOT NULL AUTO_INCREMENT,
  `PRODUCE_IMAGE_DESC` varchar(255) DEFAULT NULL COMMENT '产品成果描述',
  `PRODUCE_IMAGE_URL` varchar(255) DEFAULT NULL COMMENT '产品成果图片URL',
  `PRODUCE_IMAGE_TYPE` int(11) DEFAULT '-1' COMMENT '产品成果图片',
  `PRODUCE_ID` int(11) DEFAULT NULL COMMENT '绑定产品id',
  PRIMARY KEY (`PRODUCE_IMAGE_ID`)
) ENGINE=InnoDB AUTO_INCREMENT=25 DEFAULT CHARSET=utf8;

-- ----------------------------
-- Records of produce_images
-- ----------------------------
INSERT INTO `produce_images` VALUES ('00000000001', '测试', 'uploadFiles/produceImages/admin/fab50230123611e7054875ae4abc9861.jpg', '-1', '5');
INSERT INTO `produce_images` VALUES ('00000000002', '测试2', 'uploadFiles/produceImages/admin/27d8f280123711e7054875ae4abc9861.jpg', '-1', '5');
INSERT INTO `produce_images` VALUES ('00000000003', '测试3', 'uploadFiles/produceImages/admin/473052e0123711e7054875ae4abc9861.jpg', '-1', '5');
INSERT INTO `produce_images` VALUES ('00000000011', '个人用户的产品成果', 'uploadFiles/produceImages/person/41297f7015fc11e70b95b326d2b46653.jpg', '-1', '30');
INSERT INTO `produce_images` VALUES ('00000000023', '图片1', 'uploadFiles/produceImages/admin/c586d021182611e77263ad81b67189d7.jpg', '1', '36');
INSERT INTO `produce_images` VALUES ('00000000024', '图片2', 'uploadFiles/produceImages/admin/cc2eea21182611e77263ad81b67189d7.jpg', '-1', '36');

-- ----------------------------
-- Table structure for produce_visitors
-- ----------------------------
DROP TABLE IF EXISTS `produce_visitors`;
CREATE TABLE `produce_visitors` (
  `VISITOR_IP` varchar(255) NOT NULL COMMENT '访问者ip',
  `VIEW_DATE` datetime DEFAULT NULL COMMENT '访问时间',
  `PRODUCE_ID` int(11) DEFAULT NULL COMMENT '访问的产品id',
  `VIEW_TIMES` int(11) DEFAULT '0' COMMENT '浏览次数',
  PRIMARY KEY (`VISITOR_IP`)
) ENGINE=InnoDB DEFAULT CHARSET=utf8;

-- ----------------------------
-- Records of produce_visitors
-- ----------------------------

-- ----------------------------
-- Table structure for roles
-- ----------------------------
DROP TABLE IF EXISTS `roles`;
CREATE TABLE `roles` (
  `ROLE_ID` int(11) NOT NULL AUTO_INCREMENT,
  `ROLE_NAME` varchar(32) DEFAULT NULL COMMENT '规则名',
  `DESCRIPTION` varchar(255) DEFAULT NULL COMMENT '规则描述',
  `CREATE_TIME` datetime NOT NULL COMMENT '创建时间',
  `OPERATE_TIME` datetime NOT NULL COMMENT '最近一次操作时间',
  `STATUS` int(11) DEFAULT '-1',
  PRIMARY KEY (`ROLE_ID`)
) ENGINE=InnoDB AUTO_INCREMENT=8 DEFAULT CHARSET=utf8;

-- ----------------------------
-- Records of roles
-- ----------------------------
INSERT INTO `roles` VALUES ('1', 'super_admin', '超级管理员', '2017-03-12 22:33:01', '2017-03-12 22:33:06', '1');
INSERT INTO `roles` VALUES ('2', 'platform_admin', '平台管理员', '2017-03-12 22:33:58', '2017-03-12 22:33:58', '1');
INSERT INTO `roles` VALUES ('3', 'person', '个人用户', '2017-03-12 22:34:16', '2017-03-12 22:34:21', '1');
INSERT INTO `roles` VALUES ('4', 'company', '企业用户', '2017-03-12 22:34:51', '2017-03-12 22:34:55', '1');
INSERT INTO `roles` VALUES ('5', 'agency', '中介机构用户', '2017-03-12 22:35:30', '2017-03-12 22:35:35', '1');
INSERT INTO `roles` VALUES ('6', 'colleage', '高校用户', '2017-03-12 22:36:00', '2017-03-12 22:36:04', '1');
INSERT INTO `roles` VALUES ('7', 'scientific', '科研单位用户', '2017-03-12 22:36:48', '2017-03-12 22:36:53', '1');

-- ----------------------------
-- Table structure for role_permissions
-- ----------------------------
DROP TABLE IF EXISTS `role_permissions`;
CREATE TABLE `role_permissions` (
  `ROLE_PERMISSION_ID` int(11) NOT NULL AUTO_INCREMENT,
  `ROLE_ID` int(11) DEFAULT NULL,
  `PERMISSION_ID` int(11) DEFAULT NULL,
  `CREATE_TIME` datetime NOT NULL,
  PRIMARY KEY (`ROLE_PERMISSION_ID`),
  KEY `FK_sppcfnq6y9jh9wuinjeylelxh` (`PERMISSION_ID`),
  KEY `FK_8o0gs9igpb6w4lqgutb0xnmjx` (`ROLE_ID`)
) ENGINE=InnoDB AUTO_INCREMENT=332 DEFAULT CHARSET=utf8;

-- ----------------------------
-- Records of role_permissions
-- ----------------------------
INSERT INTO `role_permissions` VALUES ('80', '1', '1', '2017-03-23 15:02:14');
INSERT INTO `role_permissions` VALUES ('81', '1', '2', '2017-03-23 15:02:55');
INSERT INTO `role_permissions` VALUES ('82', '1', '3', '2017-03-23 15:02:59');
INSERT INTO `role_permissions` VALUES ('83', '1', '4', '2017-03-23 15:03:01');
INSERT INTO `role_permissions` VALUES ('84', '1', '5', '2017-03-23 15:03:04');
INSERT INTO `role_permissions` VALUES ('85', '1', '6', '2017-03-23 15:03:09');
INSERT INTO `role_permissions` VALUES ('86', '1', '7', '2017-03-23 15:03:13');
INSERT INTO `role_permissions` VALUES ('91', '1', '11', '2017-03-23 15:06:20');
INSERT INTO `role_permissions` VALUES ('94', '1', '38', '2017-03-23 15:06:34');
INSERT INTO `role_permissions` VALUES ('96', '1', '41', '2017-03-23 15:06:45');
INSERT INTO `role_permissions` VALUES ('103', '1', '15', '2017-03-23 15:07:18');
INSERT INTO `role_permissions` VALUES ('104', '1', '16', '2017-03-23 15:07:22');
INSERT INTO `role_permissions` VALUES ('112', '1', '48', '2017-03-23 15:07:57');
INSERT INTO `role_permissions` VALUES ('113', '1', '49', '2017-03-23 15:08:01');
INSERT INTO `role_permissions` VALUES ('124', '1', '60', '2017-03-23 15:09:03');
INSERT INTO `role_permissions` VALUES ('125', '1', '61', '2017-03-23 15:09:09');
INSERT INTO `role_permissions` VALUES ('126', '1', '63', '2017-03-23 15:09:14');
INSERT INTO `role_permissions` VALUES ('135', '3', '57', '2017-03-23 17:25:34');
INSERT INTO `role_permissions` VALUES ('136', '3', '43', '2017-03-23 17:26:10');
INSERT INTO `role_permissions` VALUES ('137', '3', '56', '2017-03-23 17:26:11');
INSERT INTO `role_permissions` VALUES ('139', '3', '48', '2017-03-23 17:42:03');
INSERT INTO `role_permissions` VALUES ('140', '3', '41', '2017-03-23 17:42:23');
INSERT INTO `role_permissions` VALUES ('141', '3', '49', '2017-03-23 17:42:23');
INSERT INTO `role_permissions` VALUES ('142', '3', '40', '2017-03-23 17:42:49');
INSERT INTO `role_permissions` VALUES ('143', '3', '46', '2017-03-23 17:42:49');
INSERT INTO `role_permissions` VALUES ('144', '3', '47', '2017-03-23 17:42:49');
INSERT INTO `role_permissions` VALUES ('174', '1', '37', '2017-03-23 18:32:26');
INSERT INTO `role_permissions` VALUES ('175', '1', '58', '2017-03-23 18:32:26');
INSERT INTO `role_permissions` VALUES ('176', '1', '59', '2017-03-23 18:32:26');
INSERT INTO `role_permissions` VALUES ('188', '2', '37', '2017-03-23 18:37:55');
INSERT INTO `role_permissions` VALUES ('189', '2', '58', '2017-03-23 18:37:55');
INSERT INTO `role_permissions` VALUES ('190', '2', '59', '2017-03-23 18:37:55');
INSERT INTO `role_permissions` VALUES ('191', '2', '38', '2017-03-23 18:38:00');
INSERT INTO `role_permissions` VALUES ('192', '2', '60', '2017-03-23 18:38:00');
INSERT INTO `role_permissions` VALUES ('193', '2', '61', '2017-03-23 18:38:00');
INSERT INTO `role_permissions` VALUES ('194', '2', '55', '2017-03-23 18:38:39');
INSERT INTO `role_permissions` VALUES ('195', '3', '50', '2017-03-23 18:39:02');
INSERT INTO `role_permissions` VALUES ('196', '4', '40', '2017-03-23 18:39:37');
INSERT INTO `role_permissions` VALUES ('197', '4', '46', '2017-03-23 18:39:37');
INSERT INTO `role_permissions` VALUES ('198', '4', '47', '2017-03-23 18:39:37');
INSERT INTO `role_permissions` VALUES ('199', '4', '41', '2017-03-23 18:39:42');
INSERT INTO `role_permissions` VALUES ('200', '4', '48', '2017-03-23 18:39:42');
INSERT INTO `role_permissions` VALUES ('201', '4', '49', '2017-03-23 18:39:42');
INSERT INTO `role_permissions` VALUES ('202', '4', '51', '2017-03-23 18:39:54');
INSERT INTO `role_permissions` VALUES ('203', '4', '43', '2017-03-23 18:40:00');
INSERT INTO `role_permissions` VALUES ('204', '4', '56', '2017-03-23 18:40:00');
INSERT INTO `role_permissions` VALUES ('205', '4', '57', '2017-03-23 18:40:00');
INSERT INTO `role_permissions` VALUES ('206', '5', '40', '2017-03-23 18:41:00');
INSERT INTO `role_permissions` VALUES ('207', '5', '46', '2017-03-23 18:41:00');
INSERT INTO `role_permissions` VALUES ('208', '5', '47', '2017-03-23 18:41:00');
INSERT INTO `role_permissions` VALUES ('209', '5', '41', '2017-03-23 18:41:05');
INSERT INTO `role_permissions` VALUES ('210', '5', '48', '2017-03-23 18:41:05');
INSERT INTO `role_permissions` VALUES ('211', '5', '49', '2017-03-23 18:41:05');
INSERT INTO `role_permissions` VALUES ('212', '5', '54', '2017-03-23 18:41:16');
INSERT INTO `role_permissions` VALUES ('213', '5', '43', '2017-03-23 18:41:24');
INSERT INTO `role_permissions` VALUES ('214', '5', '56', '2017-03-23 18:41:24');
INSERT INTO `role_permissions` VALUES ('215', '5', '57', '2017-03-23 18:41:24');
INSERT INTO `role_permissions` VALUES ('216', '6', '40', '2017-03-23 18:41:42');
INSERT INTO `role_permissions` VALUES ('217', '6', '46', '2017-03-23 18:41:42');
INSERT INTO `role_permissions` VALUES ('218', '6', '47', '2017-03-23 18:41:42');
INSERT INTO `role_permissions` VALUES ('219', '6', '41', '2017-03-23 18:41:48');
INSERT INTO `role_permissions` VALUES ('220', '6', '48', '2017-03-23 18:41:48');
INSERT INTO `role_permissions` VALUES ('221', '6', '49', '2017-03-23 18:41:48');
INSERT INTO `role_permissions` VALUES ('222', '6', '52', '2017-03-23 18:42:22');
INSERT INTO `role_permissions` VALUES ('223', '6', '43', '2017-03-23 18:42:27');
INSERT INTO `role_permissions` VALUES ('224', '6', '56', '2017-03-23 18:42:27');
INSERT INTO `role_permissions` VALUES ('225', '6', '57', '2017-03-23 18:42:27');
INSERT INTO `role_permissions` VALUES ('226', '7', '40', '2017-03-23 18:42:38');
INSERT INTO `role_permissions` VALUES ('227', '7', '46', '2017-03-23 18:42:38');
INSERT INTO `role_permissions` VALUES ('228', '7', '47', '2017-03-23 18:42:38');
INSERT INTO `role_permissions` VALUES ('229', '7', '41', '2017-03-23 18:42:46');
INSERT INTO `role_permissions` VALUES ('230', '7', '48', '2017-03-23 18:42:46');
INSERT INTO `role_permissions` VALUES ('231', '7', '49', '2017-03-23 18:42:46');
INSERT INTO `role_permissions` VALUES ('232', '7', '53', '2017-03-23 18:43:03');
INSERT INTO `role_permissions` VALUES ('233', '7', '43', '2017-03-23 18:43:09');
INSERT INTO `role_permissions` VALUES ('234', '7', '56', '2017-03-23 18:43:09');
INSERT INTO `role_permissions` VALUES ('235', '7', '57', '2017-03-23 18:43:09');
INSERT INTO `role_permissions` VALUES ('236', '2', '42', '2017-03-23 18:46:07');
INSERT INTO `role_permissions` VALUES ('242', '3', '42', '2017-03-23 18:48:20');
INSERT INTO `role_permissions` VALUES ('248', '4', '42', '2017-03-23 18:50:38');
INSERT INTO `role_permissions` VALUES ('254', '5', '42', '2017-03-23 18:52:03');
INSERT INTO `role_permissions` VALUES ('260', '6', '42', '2017-03-23 18:52:49');
INSERT INTO `role_permissions` VALUES ('266', '7', '42', '2017-03-23 18:53:59');
INSERT INTO `role_permissions` VALUES ('272', '2', '11', '2017-03-23 19:33:08');
INSERT INTO `role_permissions` VALUES ('273', '2', '1', '2017-03-23 19:33:08');
INSERT INTO `role_permissions` VALUES ('275', '2', '3', '2017-03-23 19:33:08');
INSERT INTO `role_permissions` VALUES ('276', '2', '4', '2017-03-23 19:33:08');
INSERT INTO `role_permissions` VALUES ('277', '2', '5', '2017-03-23 19:33:09');
INSERT INTO `role_permissions` VALUES ('278', '2', '6', '2017-03-23 19:33:09');
INSERT INTO `role_permissions` VALUES ('279', '2', '7', '2017-03-23 19:33:09');
INSERT INTO `role_permissions` VALUES ('282', '1', '8', '2017-03-23 20:17:01');
INSERT INTO `role_permissions` VALUES ('283', '1', '9', '2017-03-23 20:17:01');
INSERT INTO `role_permissions` VALUES ('284', '1', '17', '2017-03-23 20:17:01');
INSERT INTO `role_permissions` VALUES ('285', '1', '18', '2017-03-23 20:17:01');
INSERT INTO `role_permissions` VALUES ('286', '1', '10', '2017-03-23 20:17:01');
INSERT INTO `role_permissions` VALUES ('287', '1', '14', '2017-03-23 20:17:01');
INSERT INTO `role_permissions` VALUES ('288', '1', '12', '2017-03-23 20:17:01');
INSERT INTO `role_permissions` VALUES ('289', '1', '13', '2017-03-23 20:17:01');
INSERT INTO `role_permissions` VALUES ('290', '1', '44', '2017-03-23 20:17:01');
INSERT INTO `role_permissions` VALUES ('305', '1', '19', '2017-03-28 14:47:42');
INSERT INTO `role_permissions` VALUES ('306', '1', '20', '2017-03-28 14:47:42');
INSERT INTO `role_permissions` VALUES ('307', '1', '28', '2017-03-28 14:47:42');
INSERT INTO `role_permissions` VALUES ('308', '1', '29', '2017-03-28 14:47:42');
INSERT INTO `role_permissions` VALUES ('309', '1', '30', '2017-03-28 14:47:42');
INSERT INTO `role_permissions` VALUES ('310', '1', '33', '2017-03-28 14:47:42');
INSERT INTO `role_permissions` VALUES ('311', '1', '34', '2017-03-28 14:47:42');
INSERT INTO `role_permissions` VALUES ('312', '1', '35', '2017-03-28 14:47:42');
INSERT INTO `role_permissions` VALUES ('313', '1', '31', '2017-03-28 14:47:42');
INSERT INTO `role_permissions` VALUES ('314', '1', '32', '2017-03-28 14:47:42');
INSERT INTO `role_permissions` VALUES ('315', '1', '36', '2017-03-28 14:47:42');
INSERT INTO `role_permissions` VALUES ('316', '1', '70', '2017-03-28 14:47:42');
INSERT INTO `role_permissions` VALUES ('317', '2', '19', '2017-03-28 14:49:52');
INSERT INTO `role_permissions` VALUES ('318', '2', '20', '2017-03-28 14:49:52');
INSERT INTO `role_permissions` VALUES ('319', '2', '28', '2017-03-28 14:49:52');
INSERT INTO `role_permissions` VALUES ('320', '2', '29', '2017-03-28 14:49:52');
INSERT INTO `role_permissions` VALUES ('321', '2', '30', '2017-03-28 14:49:52');
INSERT INTO `role_permissions` VALUES ('322', '2', '33', '2017-03-28 14:49:52');
INSERT INTO `role_permissions` VALUES ('323', '2', '34', '2017-03-28 14:49:52');
INSERT INTO `role_permissions` VALUES ('324', '2', '35', '2017-03-28 14:49:52');
INSERT INTO `role_permissions` VALUES ('325', '2', '31', '2017-03-28 14:49:52');
INSERT INTO `role_permissions` VALUES ('326', '2', '32', '2017-03-28 14:49:52');
INSERT INTO `role_permissions` VALUES ('327', '2', '36', '2017-03-28 14:49:52');
INSERT INTO `role_permissions` VALUES ('328', '2', '70', '2017-03-28 14:49:52');
INSERT INTO `role_permissions` VALUES ('329', '1', '43', '2017-04-01 16:33:01');
INSERT INTO `role_permissions` VALUES ('330', '1', '56', '2017-04-01 16:33:01');
INSERT INTO `role_permissions` VALUES ('331', '1', '57', '2017-04-01 16:33:01');

-- ----------------------------
-- Table structure for soes
-- ----------------------------
DROP TABLE IF EXISTS `soes`;
CREATE TABLE `soes` (
  `SOE_ID` int(11) NOT NULL AUTO_INCREMENT,
  `TOTAL_NUMBER` int(11) DEFAULT NULL COMMENT '人员总数',
  `DEVELOPER_NUMBER` int(11) DEFAULT NULL COMMENT '研发人员数',
  `JUNIOR_NUMBER` int(11) DEFAULT NULL COMMENT '初级人员数',
  `INTERMEDIATE_NUNBER` int(11) DEFAULT NULL COMMENT '中级人员数',
  `SENIOR_NUMBER` int(11) DEFAULT NULL COMMENT '高级人员数',
  `JUNIOR_COLLEGE_NUMBER` int(11) DEFAULT NULL COMMENT '大专学历人数',
  `UNDERGRADUATE_NUMBER` int(11) DEFAULT NULL COMMENT '本科学历人数',
  `MASTER_NUMBER` int(11) DEFAULT NULL COMMENT '硕士学历人数',
  `DOCTOR_NUMBER` int(11) DEFAULT NULL COMMENT '博士学历人数',
  `OVERSEAS_NUMBER` int(11) DEFAULT NULL COMMENT '海归人数',
  `ACADEMICIAN_NUNBER` int(11) DEFAULT NULL COMMENT '院士人数',
  PRIMARY KEY (`SOE_ID`)
) ENGINE=InnoDB AUTO_INCREMENT=7 DEFAULT CHARSET=utf8;

-- ----------------------------
-- Records of soes
-- ----------------------------
INSERT INTO `soes` VALUES ('1', '20000', '2', '50', '25', '2', '1', '50', '25', '15', '10', '5');
INSERT INTO `soes` VALUES ('4', '654', '65', '64', '12', '65', '5', '65', '6', '45', '54', '5');
INSERT INTO `soes` VALUES ('5', '253', '25', '45', '55', '564', '645', '654', '654', '66', '5', '4');
INSERT INTO `soes` VALUES ('6', '5465', '654', '654', '654', '654', '5', '54', '56', '65', '54', '6');

-- ----------------------------
-- Table structure for system_logs
-- ----------------------------
DROP TABLE IF EXISTS `system_logs`;
CREATE TABLE `system_logs` (
  `SYSTEM_LOG_ID` int(11) NOT NULL AUTO_INCREMENT,
  `SYSTEM_LOG_TITLE` varchar(255) DEFAULT NULL COMMENT '日志标题',
  `SYSTEM_LOG_CONTENT` varchar(255) DEFAULT NULL COMMENT '日志内容',
  `SUBMIT_TIME` datetime DEFAULT NULL COMMENT '事件发生时间',
  `LOG_TYPE` int(11) DEFAULT NULL COMMENT '系统日志类型',
  PRIMARY KEY (`SYSTEM_LOG_ID`)
) ENGINE=InnoDB AUTO_INCREMENT=130 DEFAULT CHARSET=utf8;

-- ----------------------------
-- Records of system_logs
-- ----------------------------
INSERT INTO `system_logs` VALUES ('1', '审核用户信息日志', '【admin】在2017-03-26 04:05:57【删除】【用户TTTT】', '2017-03-26 04:05:57', '1');
INSERT INTO `system_logs` VALUES ('2', '菜单日志', '【admin】在2017-03-28 13:10:37【添加】新权限【audit:produce_audit_managment】', '2017-03-28 13:10:38', '5');
INSERT INTO `system_logs` VALUES ('3', '菜单日志', '【admin】在2017-03-28 13:11:19【更新】了【权限70】', '2017-03-28 13:11:19', '5');
INSERT INTO `system_logs` VALUES ('4', '菜单日志', '【admin】在2017-03-28 13:16:27【添加】新菜单【产品成果审核管理】', '2017-03-28 13:16:28', '5');
INSERT INTO `system_logs` VALUES ('5', '菜单日志', '【admin】在2017-03-28 14:46:50【绑定】了【权限50】和【角色1】', '2017-03-28 14:46:50', '5');
INSERT INTO `system_logs` VALUES ('6', '菜单日志', '【admin】在2017-03-28 14:46:50【绑定】了【权限51】和【角色1】', '2017-03-28 14:46:50', '5');
INSERT INTO `system_logs` VALUES ('7', '菜单日志', '【admin】在2017-03-28 14:46:50【绑定】了【权限52】和【角色1】', '2017-03-28 14:46:50', '5');
INSERT INTO `system_logs` VALUES ('8', '菜单日志', '【admin】在2017-03-28 14:46:50【绑定】了【权限53】和【角色1】', '2017-03-28 14:46:50', '5');
INSERT INTO `system_logs` VALUES ('9', '菜单日志', '【admin】在2017-03-28 14:46:50【绑定】了【权限54】和【角色1】', '2017-03-28 14:46:50', '5');
INSERT INTO `system_logs` VALUES ('10', '菜单日志', '【admin】在2017-03-28 14:46:50【绑定】了【权限55】和【角色1】', '2017-03-28 14:46:50', '5');
INSERT INTO `system_logs` VALUES ('11', '菜单日志', '【admin】在2017-03-28 14:46:50【绑定】了【权限55】和【角色1】', '2017-03-28 14:46:50', '5');
INSERT INTO `system_logs` VALUES ('12', '权限日志', '【admin】在2017-03-28 14:47:12【解除】【权限50】和【角色1】的【绑定】', '2017-03-28 14:47:12', '4');
INSERT INTO `system_logs` VALUES ('13', '菜单日志', '【admin】在2017-03-28 14:47:12【解除】【权限42】和【角色50】的【绑定】', '2017-03-28 14:47:12', '5');
INSERT INTO `system_logs` VALUES ('14', '权限日志', '【admin】在2017-03-28 14:47:12【解除】【权限51】和【角色1】的【绑定】', '2017-03-28 14:47:12', '4');
INSERT INTO `system_logs` VALUES ('15', '菜单日志', '【admin】在2017-03-28 14:47:12【解除】【权限42】和【角色51】的【绑定】', '2017-03-28 14:47:12', '5');
INSERT INTO `system_logs` VALUES ('16', '权限日志', '【admin】在2017-03-28 14:47:12【解除】【权限52】和【角色1】的【绑定】', '2017-03-28 14:47:12', '4');
INSERT INTO `system_logs` VALUES ('17', '菜单日志', '【admin】在2017-03-28 14:47:12【解除】【权限42】和【角色52】的【绑定】', '2017-03-28 14:47:12', '5');
INSERT INTO `system_logs` VALUES ('18', '权限日志', '【admin】在2017-03-28 14:47:12【解除】【权限53】和【角色1】的【绑定】', '2017-03-28 14:47:12', '4');
INSERT INTO `system_logs` VALUES ('19', '菜单日志', '【admin】在2017-03-28 14:47:12【解除】【权限42】和【角色53】的【绑定】', '2017-03-28 14:47:12', '5');
INSERT INTO `system_logs` VALUES ('20', '权限日志', '【admin】在2017-03-28 14:47:12【解除】【权限54】和【角色1】的【绑定】', '2017-03-28 14:47:12', '4');
INSERT INTO `system_logs` VALUES ('21', '菜单日志', '【admin】在2017-03-28 14:47:12【解除】【权限42】和【角色54】的【绑定】', '2017-03-28 14:47:12', '5');
INSERT INTO `system_logs` VALUES ('22', '权限日志', '【admin】在2017-03-28 14:47:12【解除】【权限55】和【角色1】的【绑定】', '2017-03-28 14:47:12', '4');
INSERT INTO `system_logs` VALUES ('23', '菜单日志', '【admin】在2017-03-28 14:47:12【解除】【权限42】和【角色55】的【绑定】', '2017-03-28 14:47:12', '5');
INSERT INTO `system_logs` VALUES ('24', '权限日志', '【admin】在2017-03-28 14:47:12【解除】【权限42】和【角色1】的【绑定】', '2017-03-28 14:47:12', '4');
INSERT INTO `system_logs` VALUES ('25', '权限日志', '【admin】在2017-03-28 14:47:28【解除】【权限20】和【角色1】的【绑定】', '2017-03-28 14:47:29', '4');
INSERT INTO `system_logs` VALUES ('26', '菜单日志', '【admin】在2017-03-28 14:47:28【解除】【权限19】和【角色20】的【绑定】', '2017-03-28 14:47:29', '5');
INSERT INTO `system_logs` VALUES ('27', '权限日志', '【admin】在2017-03-28 14:47:28【解除】【权限29】和【角色1】的【绑定】', '2017-03-28 14:47:29', '4');
INSERT INTO `system_logs` VALUES ('28', '菜单日志', '【admin】在2017-03-28 14:47:28【解除】【权限28】和【角色29】的【绑定】', '2017-03-28 14:47:29', '5');
INSERT INTO `system_logs` VALUES ('29', '权限日志', '【admin】在2017-03-28 14:47:28【解除】【权限30】和【角色1】的【绑定】', '2017-03-28 14:47:29', '4');
INSERT INTO `system_logs` VALUES ('30', '菜单日志', '【admin】在2017-03-28 14:47:28【解除】【权限28】和【角色30】的【绑定】', '2017-03-28 14:47:29', '5');
INSERT INTO `system_logs` VALUES ('31', '权限日志', '【admin】在2017-03-28 14:47:28【解除】【权限33】和【角色1】的【绑定】', '2017-03-28 14:47:29', '4');
INSERT INTO `system_logs` VALUES ('32', '菜单日志', '【admin】在2017-03-28 14:47:28【解除】【权限28】和【角色33】的【绑定】', '2017-03-28 14:47:29', '5');
INSERT INTO `system_logs` VALUES ('33', '权限日志', '【admin】在2017-03-28 14:47:28【解除】【权限34】和【角色1】的【绑定】', '2017-03-28 14:47:29', '4');
INSERT INTO `system_logs` VALUES ('34', '菜单日志', '【admin】在2017-03-28 14:47:28【解除】【权限28】和【角色34】的【绑定】', '2017-03-28 14:47:29', '5');
INSERT INTO `system_logs` VALUES ('35', '权限日志', '【admin】在2017-03-28 14:47:28【解除】【权限35】和【角色1】的【绑定】', '2017-03-28 14:47:29', '4');
INSERT INTO `system_logs` VALUES ('36', '菜单日志', '【admin】在2017-03-28 14:47:28【解除】【权限28】和【角色35】的【绑定】', '2017-03-28 14:47:29', '5');
INSERT INTO `system_logs` VALUES ('37', '权限日志', '【admin】在2017-03-28 14:47:28【解除】【权限28】和【角色1】的【绑定】', '2017-03-28 14:47:29', '4');
INSERT INTO `system_logs` VALUES ('38', '菜单日志', '【admin】在2017-03-28 14:47:28【解除】【权限19】和【角色28】的【绑定】', '2017-03-28 14:47:29', '5');
INSERT INTO `system_logs` VALUES ('39', '权限日志', '【admin】在2017-03-28 14:47:28【解除】【权限31】和【角色1】的【绑定】', '2017-03-28 14:47:29', '4');
INSERT INTO `system_logs` VALUES ('40', '菜单日志', '【admin】在2017-03-28 14:47:28【解除】【权限19】和【角色31】的【绑定】', '2017-03-28 14:47:29', '5');
INSERT INTO `system_logs` VALUES ('41', '权限日志', '【admin】在2017-03-28 14:47:28【解除】【权限32】和【角色1】的【绑定】', '2017-03-28 14:47:29', '4');
INSERT INTO `system_logs` VALUES ('42', '菜单日志', '【admin】在2017-03-28 14:47:28【解除】【权限19】和【角色32】的【绑定】', '2017-03-28 14:47:29', '5');
INSERT INTO `system_logs` VALUES ('43', '权限日志', '【admin】在2017-03-28 14:47:28【解除】【权限36】和【角色1】的【绑定】', '2017-03-28 14:47:29', '4');
INSERT INTO `system_logs` VALUES ('44', '菜单日志', '【admin】在2017-03-28 14:47:28【解除】【权限19】和【角色36】的【绑定】', '2017-03-28 14:47:29', '5');
INSERT INTO `system_logs` VALUES ('45', '权限日志', '【admin】在2017-03-28 14:47:28【解除】【权限70】和【角色1】的【绑定】', '2017-03-28 14:47:29', '4');
INSERT INTO `system_logs` VALUES ('46', '菜单日志', '【admin】在2017-03-28 14:47:28【解除】【权限19】和【角色70】的【绑定】', '2017-03-28 14:47:29', '5');
INSERT INTO `system_logs` VALUES ('47', '权限日志', '【admin】在2017-03-28 14:47:28【解除】【权限19】和【角色1】的【绑定】', '2017-03-28 14:47:29', '4');
INSERT INTO `system_logs` VALUES ('48', '菜单日志', '【admin】在2017-03-28 14:47:42【绑定】了【权限20】和【角色1】', '2017-03-28 14:47:42', '5');
INSERT INTO `system_logs` VALUES ('49', '菜单日志', '【admin】在2017-03-28 14:47:42【绑定】了【权限29】和【角色1】', '2017-03-28 14:47:42', '5');
INSERT INTO `system_logs` VALUES ('50', '菜单日志', '【admin】在2017-03-28 14:47:42【绑定】了【权限30】和【角色1】', '2017-03-28 14:47:42', '5');
INSERT INTO `system_logs` VALUES ('51', '菜单日志', '【admin】在2017-03-28 14:47:42【绑定】了【权限33】和【角色1】', '2017-03-28 14:47:42', '5');
INSERT INTO `system_logs` VALUES ('52', '菜单日志', '【admin】在2017-03-28 14:47:42【绑定】了【权限34】和【角色1】', '2017-03-28 14:47:42', '5');
INSERT INTO `system_logs` VALUES ('53', '菜单日志', '【admin】在2017-03-28 14:47:42【绑定】了【权限35】和【角色1】', '2017-03-28 14:47:42', '5');
INSERT INTO `system_logs` VALUES ('54', '菜单日志', '【admin】在2017-03-28 14:47:42【绑定】了【权限35】和【角色1】', '2017-03-28 14:47:42', '5');
INSERT INTO `system_logs` VALUES ('55', '菜单日志', '【admin】在2017-03-28 14:47:42【绑定】了【权限31】和【角色1】', '2017-03-28 14:47:42', '5');
INSERT INTO `system_logs` VALUES ('56', '菜单日志', '【admin】在2017-03-28 14:47:42【绑定】了【权限32】和【角色1】', '2017-03-28 14:47:42', '5');
INSERT INTO `system_logs` VALUES ('57', '菜单日志', '【admin】在2017-03-28 14:47:42【绑定】了【权限36】和【角色1】', '2017-03-28 14:47:42', '5');
INSERT INTO `system_logs` VALUES ('58', '菜单日志', '【admin】在2017-03-28 14:47:42【绑定】了【权限70】和【角色1】', '2017-03-28 14:47:42', '5');
INSERT INTO `system_logs` VALUES ('59', '菜单日志', '【admin】在2017-03-28 14:47:42【绑定】了【权限70】和【角色1】', '2017-03-28 14:47:42', '5');
INSERT INTO `system_logs` VALUES ('60', '权限日志', '【admin】在2017-03-28 14:49:46【解除】【权限20】和【角色2】的【绑定】', '2017-03-28 14:49:46', '4');
INSERT INTO `system_logs` VALUES ('61', '菜单日志', '【admin】在2017-03-28 14:49:46【解除】【权限19】和【角色20】的【绑定】', '2017-03-28 14:49:46', '5');
INSERT INTO `system_logs` VALUES ('62', '权限日志', '【admin】在2017-03-28 14:49:46【解除】【权限29】和【角色2】的【绑定】', '2017-03-28 14:49:46', '4');
INSERT INTO `system_logs` VALUES ('63', '菜单日志', '【admin】在2017-03-28 14:49:46【解除】【权限28】和【角色29】的【绑定】', '2017-03-28 14:49:46', '5');
INSERT INTO `system_logs` VALUES ('64', '权限日志', '【admin】在2017-03-28 14:49:46【解除】【权限30】和【角色2】的【绑定】', '2017-03-28 14:49:46', '4');
INSERT INTO `system_logs` VALUES ('65', '菜单日志', '【admin】在2017-03-28 14:49:46【解除】【权限28】和【角色30】的【绑定】', '2017-03-28 14:49:46', '5');
INSERT INTO `system_logs` VALUES ('66', '权限日志', '【admin】在2017-03-28 14:49:46【解除】【权限33】和【角色2】的【绑定】', '2017-03-28 14:49:46', '4');
INSERT INTO `system_logs` VALUES ('67', '菜单日志', '【admin】在2017-03-28 14:49:46【解除】【权限28】和【角色33】的【绑定】', '2017-03-28 14:49:46', '5');
INSERT INTO `system_logs` VALUES ('68', '权限日志', '【admin】在2017-03-28 14:49:46【解除】【权限34】和【角色2】的【绑定】', '2017-03-28 14:49:46', '4');
INSERT INTO `system_logs` VALUES ('69', '菜单日志', '【admin】在2017-03-28 14:49:46【解除】【权限28】和【角色34】的【绑定】', '2017-03-28 14:49:46', '5');
INSERT INTO `system_logs` VALUES ('70', '权限日志', '【admin】在2017-03-28 14:49:46【解除】【权限35】和【角色2】的【绑定】', '2017-03-28 14:49:46', '4');
INSERT INTO `system_logs` VALUES ('71', '菜单日志', '【admin】在2017-03-28 14:49:46【解除】【权限28】和【角色35】的【绑定】', '2017-03-28 14:49:46', '5');
INSERT INTO `system_logs` VALUES ('72', '权限日志', '【admin】在2017-03-28 14:49:46【解除】【权限28】和【角色2】的【绑定】', '2017-03-28 14:49:46', '4');
INSERT INTO `system_logs` VALUES ('73', '菜单日志', '【admin】在2017-03-28 14:49:46【解除】【权限19】和【角色28】的【绑定】', '2017-03-28 14:49:46', '5');
INSERT INTO `system_logs` VALUES ('74', '权限日志', '【admin】在2017-03-28 14:49:46【解除】【权限31】和【角色2】的【绑定】', '2017-03-28 14:49:46', '4');
INSERT INTO `system_logs` VALUES ('75', '菜单日志', '【admin】在2017-03-28 14:49:46【解除】【权限19】和【角色31】的【绑定】', '2017-03-28 14:49:46', '5');
INSERT INTO `system_logs` VALUES ('76', '权限日志', '【admin】在2017-03-28 14:49:46【解除】【权限32】和【角色2】的【绑定】', '2017-03-28 14:49:46', '4');
INSERT INTO `system_logs` VALUES ('77', '菜单日志', '【admin】在2017-03-28 14:49:46【解除】【权限19】和【角色32】的【绑定】', '2017-03-28 14:49:46', '5');
INSERT INTO `system_logs` VALUES ('78', '权限日志', '【admin】在2017-03-28 14:49:46【解除】【权限36】和【角色2】的【绑定】', '2017-03-28 14:49:46', '4');
INSERT INTO `system_logs` VALUES ('79', '菜单日志', '【admin】在2017-03-28 14:49:46【解除】【权限19】和【角色36】的【绑定】', '2017-03-28 14:49:46', '5');
INSERT INTO `system_logs` VALUES ('80', '权限日志', '【admin】在2017-03-28 14:49:46【解除】【权限70】和【角色2】的【绑定】', '2017-03-28 14:49:46', '4');
INSERT INTO `system_logs` VALUES ('81', '菜单日志', '【admin】在2017-03-28 14:49:46【解除】【权限19】和【角色70】的【绑定】', '2017-03-28 14:49:46', '5');
INSERT INTO `system_logs` VALUES ('82', '权限日志', '【admin】在2017-03-28 14:49:46【解除】【权限19】和【角色2】的【绑定】', '2017-03-28 14:49:46', '4');
INSERT INTO `system_logs` VALUES ('83', '菜单日志', '【admin】在2017-03-28 14:49:51【绑定】了【权限20】和【角色2】', '2017-03-28 14:49:52', '5');
INSERT INTO `system_logs` VALUES ('84', '菜单日志', '【admin】在2017-03-28 14:49:51【绑定】了【权限29】和【角色2】', '2017-03-28 14:49:52', '5');
INSERT INTO `system_logs` VALUES ('85', '菜单日志', '【admin】在2017-03-28 14:49:51【绑定】了【权限30】和【角色2】', '2017-03-28 14:49:52', '5');
INSERT INTO `system_logs` VALUES ('86', '菜单日志', '【admin】在2017-03-28 14:49:51【绑定】了【权限33】和【角色2】', '2017-03-28 14:49:52', '5');
INSERT INTO `system_logs` VALUES ('87', '菜单日志', '【admin】在2017-03-28 14:49:51【绑定】了【权限34】和【角色2】', '2017-03-28 14:49:52', '5');
INSERT INTO `system_logs` VALUES ('88', '菜单日志', '【admin】在2017-03-28 14:49:51【绑定】了【权限35】和【角色2】', '2017-03-28 14:49:52', '5');
INSERT INTO `system_logs` VALUES ('89', '菜单日志', '【admin】在2017-03-28 14:49:51【绑定】了【权限35】和【角色2】', '2017-03-28 14:49:52', '5');
INSERT INTO `system_logs` VALUES ('90', '菜单日志', '【admin】在2017-03-28 14:49:51【绑定】了【权限31】和【角色2】', '2017-03-28 14:49:52', '5');
INSERT INTO `system_logs` VALUES ('91', '菜单日志', '【admin】在2017-03-28 14:49:51【绑定】了【权限32】和【角色2】', '2017-03-28 14:49:52', '5');
INSERT INTO `system_logs` VALUES ('92', '菜单日志', '【admin】在2017-03-28 14:49:51【绑定】了【权限36】和【角色2】', '2017-03-28 14:49:52', '5');
INSERT INTO `system_logs` VALUES ('93', '菜单日志', '【admin】在2017-03-28 14:49:51【绑定】了【权限70】和【角色2】', '2017-03-28 14:49:52', '5');
INSERT INTO `system_logs` VALUES ('94', '菜单日志', '【admin】在2017-03-28 14:49:51【绑定】了【权限70】和【角色2】', '2017-03-28 14:49:52', '5');
INSERT INTO `system_logs` VALUES ('95', '审核用户信息日志', '【admin】在2017-03-30 10:59:32【审核】了【admin】', '2017-03-30 10:59:32', '1');
INSERT INTO `system_logs` VALUES ('96', '审核用户信息日志', '【admin】在2017-03-30 11:00:12【审核】了【admin】', '2017-03-30 11:00:13', '1');
INSERT INTO `system_logs` VALUES ('97', '审核用户信息日志', '【admin】在2017-03-30 11:00:45【审核】了【admin】', '2017-03-30 11:00:46', '1');
INSERT INTO `system_logs` VALUES ('98', '审核用户信息日志', '【admin】在2017-03-30 11:07:09【审核】了【admin】', '2017-03-30 11:07:10', '1');
INSERT INTO `system_logs` VALUES ('99', '审核用户信息日志', '【admin】在2017-03-30 12:26:46【审核】了【admin】', '2017-03-30 12:26:46', '1');
INSERT INTO `system_logs` VALUES ('100', '审核用户信息日志', '【admin】在2017-03-30 17:14:40【审核】了【admin】', '2017-03-30 17:14:41', '1');
INSERT INTO `system_logs` VALUES ('101', '审核用户信息日志', '【admin】在2017-03-31 21:56:43【审核】了【admin】', '2017-03-31 21:56:43', '1');
INSERT INTO `system_logs` VALUES ('102', '审核用户信息日志', '【admin】在2017-03-31 21:57:52【审核】了【admin】', '2017-03-31 21:57:53', '1');
INSERT INTO `system_logs` VALUES ('103', '权限日志', '【admin】在2017-03-31 18:57:59【解除】【权限65】和【角色1】的【绑定】', '2017-03-31 18:58:00', '4');
INSERT INTO `system_logs` VALUES ('104', '菜单日志', '【admin】在2017-03-31 18:57:59【解除】【权限66】和【角色65】的【绑定】', '2017-03-31 18:58:00', '5');
INSERT INTO `system_logs` VALUES ('105', '权限日志', '【admin】在2017-03-31 18:57:59【解除】【权限66】和【角色1】的【绑定】', '2017-03-31 18:58:00', '4');
INSERT INTO `system_logs` VALUES ('106', '权限日志', '【admin】在2017-03-31 18:58:04【解除】【权限64】和【角色1】的【绑定】', '2017-03-31 18:58:05', '4');
INSERT INTO `system_logs` VALUES ('107', '菜单日志', '【admin】在2017-03-31 18:58:31【删除】了【权限64】', '2017-03-31 18:58:31', '5');
INSERT INTO `system_logs` VALUES ('108', '菜单日志', '【admin】在2017-03-31 18:58:37【删除】了【权限66】', '2017-03-31 18:58:37', '5');
INSERT INTO `system_logs` VALUES ('109', '菜单日志', '【admin】在2017-03-31 18:58:58【删除】【菜单53】', '2017-03-31 18:58:59', '5');
INSERT INTO `system_logs` VALUES ('110', '菜单日志', '【admin】在2017-03-31 18:59:14【删除】【菜单40】', '2017-03-31 18:59:14', '5');
INSERT INTO `system_logs` VALUES ('111', '菜单日志', '【admin】在2017-03-31 18:59:14【删除】【菜单25】', '2017-03-31 18:59:14', '5');
INSERT INTO `system_logs` VALUES ('112', '菜单日志', '【admin】在2017-03-31 18:59:32【删除】了【权限62】', '2017-03-31 18:59:33', '5');
INSERT INTO `system_logs` VALUES ('113', '权限日志', '【admin】在2017-03-31 18:59:58【解除】【权限56】和【角色1】的【绑定】', '2017-03-31 18:59:58', '4');
INSERT INTO `system_logs` VALUES ('114', '菜单日志', '【admin】在2017-03-31 18:59:58【解除】【权限43】和【角色56】的【绑定】', '2017-03-31 18:59:58', '5');
INSERT INTO `system_logs` VALUES ('115', '权限日志', '【admin】在2017-03-31 18:59:58【解除】【权限57】和【角色1】的【绑定】', '2017-03-31 18:59:58', '4');
INSERT INTO `system_logs` VALUES ('116', '菜单日志', '【admin】在2017-03-31 18:59:58【解除】【权限43】和【角色57】的【绑定】', '2017-03-31 18:59:58', '5');
INSERT INTO `system_logs` VALUES ('117', '权限日志', '【admin】在2017-03-31 18:59:58【解除】【权限43】和【角色1】的【绑定】', '2017-03-31 18:59:58', '4');
INSERT INTO `system_logs` VALUES ('118', '菜单日志', '【admin】在2017-04-01 16:33:01【绑定】了【权限56】和【角色1】', '2017-04-01 16:33:01', '5');
INSERT INTO `system_logs` VALUES ('119', '菜单日志', '【admin】在2017-04-01 16:33:01【绑定】了【权限57】和【角色1】', '2017-04-01 16:33:01', '5');
INSERT INTO `system_logs` VALUES ('120', '菜单日志', '【admin】在2017-04-01 16:33:01【绑定】了【权限57】和【角色1】', '2017-04-01 16:33:01', '5');
INSERT INTO `system_logs` VALUES ('121', '技术供给审核日志', '【admin】在2017-04-02 23:55:04【审核】了【admin】', '2017-04-02 23:55:04', '2');
INSERT INTO `system_logs` VALUES ('122', '技术供给审核日志', '【admin】在2017-04-02 23:56:56【审核】了【admin】', '2017-04-02 23:56:56', '2');
INSERT INTO `system_logs` VALUES ('123', '技术需求审核日志', '【admin】在2017-04-03 00:31:34【审核】了【admin】', '2017-04-03 00:31:35', '3');
INSERT INTO `system_logs` VALUES ('124', '技术需求审核日志', '【admin】在2017-04-03 00:35:12【审核】了【admin】', '2017-04-03 00:35:13', '3');
INSERT INTO `system_logs` VALUES ('125', '权限日志', '【admin】在2017-04-03 14:47:10【解除】【权限46】和【角色1】的【绑定】', '2017-04-03 14:47:11', '4');
INSERT INTO `system_logs` VALUES ('126', '菜单日志', '【admin】在2017-04-03 14:47:10【解除】【权限40】和【角色46】的【绑定】', '2017-04-03 14:47:11', '5');
INSERT INTO `system_logs` VALUES ('127', '权限日志', '【admin】在2017-04-03 14:47:10【解除】【权限47】和【角色1】的【绑定】', '2017-04-03 14:47:11', '4');
INSERT INTO `system_logs` VALUES ('128', '菜单日志', '【admin】在2017-04-03 14:47:10【解除】【权限40】和【角色47】的【绑定】', '2017-04-03 14:47:11', '5');
INSERT INTO `system_logs` VALUES ('129', '权限日志', '【admin】在2017-04-03 14:47:10【解除】【权限40】和【角色1】的【绑定】', '2017-04-03 14:47:11', '4');

-- ----------------------------
-- Table structure for technology_base_infos
-- ----------------------------
DROP TABLE IF EXISTS `technology_base_infos`;
CREATE TABLE `technology_base_infos` (
  `TBI_ID` int(11) NOT NULL AUTO_INCREMENT,
  `INFO_TITLE` varchar(255) DEFAULT NULL COMMENT '标题',
  `INFO_KEY` varchar(255) DEFAULT NULL COMMENT '关键字',
  `INDUSTRY_ID` int(11) DEFAULT NULL COMMENT '所属行业',
  `HTF_ID` int(11) DEFAULT NULL COMMENT '高新技术领域',
  `LOCATION_ID` int(11) DEFAULT NULL COMMENT '所在地',
  `SCI_ID` int(11) DEFAULT NULL COMMENT '学科分类',
  `SE_INDUSTRY_ID` int(11) DEFAULT NULL COMMENT '战略新兴产业',
  `TECHNOLOGY_MATURITY_ID` int(11) DEFAULT NULL COMMENT '技术成熟度',
  `SOURCE_TYPE_ID` int(11) DEFAULT NULL COMMENT '来源类型',
  `COOPERATION_MODE_ID` int(11) DEFAULT NULL COMMENT '合作方式',
  `IMAGE_ID` int(11) DEFAULT NULL COMMENT '图片附件',
  `VIDEO_ID` int(11) DEFAULT NULL COMMENT '视频附件',
  `TEXT_ID` int(11) DEFAULT NULL COMMENT '文本附件',
  `CONTACT_INFO_ID` int(11) DEFAULT NULL COMMENT '联系信息',
  `STATUS` int(11) DEFAULT '-1' COMMENT '信息状态',
  `AUDIT_INFO_ID` int(11) DEFAULT NULL COMMENT '审核信息',
  `CREATE_TIME` datetime DEFAULT NULL,
  `PUBLISHER_ID` varchar(255) DEFAULT NULL,
  `LIMIT_STATUS` int(11) DEFAULT '1' COMMENT '是否禁用状态',
  PRIMARY KEY (`TBI_ID`)
) ENGINE=InnoDB AUTO_INCREMENT=100 DEFAULT CHARSET=utf8;

-- ----------------------------
-- Records of technology_base_infos
-- ----------------------------
INSERT INTO `technology_base_infos` VALUES ('73', '供给测试', '供给', '1603', '201', '112', '81203', '2', null, null, '1', '9', null, '10', '111', '-1', '115', '2017-04-01 17:14:51', 'admin', '1');
INSERT INTO `technology_base_infos` VALUES ('76', '教育', '教育', '6', '9', '105', '7', '2', null, null, '1', null, null, null, '114', '-1', '118', '2017-04-02 23:50:30', 'admin', '1');
INSERT INTO `technology_base_infos` VALUES ('79', '需求测试', '需求', '1603', '201', '112', '81202', '3', null, '1', '1', null, null, null, '117', '-1', '121', '2017-04-02 23:59:30', 'admin', '1');
INSERT INTO `technology_base_infos` VALUES ('80', '测试2', '123', '2', '4', '105', '8', '1', null, '1', '2', null, null, null, '118', '-1', '122', '2017-04-03 00:35:32', 'admin', '1');
INSERT INTO `technology_base_infos` VALUES ('84', null, null, null, null, null, null, null, null, null, null, null, null, null, '122', '-1', '126', '2017-04-16 17:15:10', 'admin', '1');
INSERT INTO `technology_base_infos` VALUES ('85', null, null, null, null, null, null, null, null, null, null, null, null, null, '123', '-1', '127', '2017-04-20 17:15:17', 'admin', '1');
INSERT INTO `technology_base_infos` VALUES ('92', null, null, null, null, null, null, null, null, null, null, null, null, null, '130', '-1', '134', null, 'admin', '1');
INSERT INTO `technology_base_infos` VALUES ('93', '测试1', '测试1', '6', '10', null, null, '-1', null, '-1', '-1', null, null, null, '131', '-1', '135', null, 'admin', '1');
INSERT INTO `technology_base_infos` VALUES ('94', '需求1', '技术', '12', '12', '1', null, '-1', null, '-1', '-1', null, null, null, '132', '-1', '136', null, 'admin', '1');
INSERT INTO `technology_base_infos` VALUES ('95', null, null, null, null, null, null, null, null, null, null, null, null, null, '133', '-1', '137', null, 'admin', '1');
INSERT INTO `technology_base_infos` VALUES ('96', null, null, null, null, null, null, null, null, null, null, null, null, null, '134', '-1', '138', null, 'admin', '1');
INSERT INTO `technology_base_infos` VALUES ('97', null, null, null, null, null, null, null, null, null, null, null, null, null, '135', '-1', '139', null, 'admin', '1');
INSERT INTO `technology_base_infos` VALUES ('98', null, null, null, null, null, null, null, null, null, null, null, null, null, '136', '-1', '140', null, 'admin', '1');
INSERT INTO `technology_base_infos` VALUES ('99', null, null, null, null, null, null, null, null, null, null, null, null, null, '137', '-1', '141', null, 'admin', '1');

-- ----------------------------
-- Table structure for technology_requirement_infos
-- ----------------------------
DROP TABLE IF EXISTS `technology_requirement_infos`;
CREATE TABLE `technology_requirement_infos` (
  `TRI_ID` int(11) NOT NULL AUTO_INCREMENT,
  `INVESTMENT_FUNDS` float DEFAULT NULL COMMENT '欲投资资金',
  `TIME_LIMIT` int(11) DEFAULT '0' COMMENT '解决时限(天)',
  `PROBLEM_DESCRIPTION` text COMMENT '问题描述',
  `TBI_ID` int(11) DEFAULT NULL COMMENT '技术基本信息id',
  PRIMARY KEY (`TRI_ID`)
) ENGINE=InnoDB AUTO_INCREMENT=21 DEFAULT CHARSET=utf8;

-- ----------------------------
-- Records of technology_requirement_infos
-- ----------------------------
INSERT INTO `technology_requirement_infos` VALUES ('12', '800', '2', '难题描述', '79');
INSERT INTO `technology_requirement_infos` VALUES ('13', '850', '2', '难题描述', '80');
INSERT INTO `technology_requirement_infos` VALUES ('17', null, '0', '', '93');
INSERT INTO `technology_requirement_infos` VALUES ('18', null, '0', '测试1', '94');
INSERT INTO `technology_requirement_infos` VALUES ('19', null, '0', null, '95');
INSERT INTO `technology_requirement_infos` VALUES ('20', null, '0', null, '96');

-- ----------------------------
-- Table structure for technology_supply_infos
-- ----------------------------
DROP TABLE IF EXISTS `technology_supply_infos`;
CREATE TABLE `technology_supply_infos` (
  `TSI_ID` int(11) NOT NULL AUTO_INCREMENT,
  `INTELLECTUAL_TYPE_ID` int(11) DEFAULT NULL COMMENT '知识产权id',
  `INTELLECTUAL_CODE` varchar(64) DEFAULT NULL COMMENT '知识产权编号',
  `RESULT_FORM_ID` int(11) DEFAULT NULL COMMENT '成果体现形式',
  `RESULT_PROPERTY_ID` int(11) DEFAULT NULL COMMENT '成果属性id',
  `RESULT_STAGE_ID` int(11) DEFAULT NULL COMMENT '成果阶段',
  `RESULT_LEVEL_ID` int(11) DEFAULT NULL COMMENT '成果水平',
  `RESERACH_FORM_ID` int(11) DEFAULT NULL COMMENT '研究水平',
  `TOPIC_SOURCE_ID` int(11) DEFAULT NULL COMMENT '课题来源',
  `FIRST_UNIT` varchar(64) DEFAULT NULL COMMENT '第一完成单位',
  `TECHNOLOGY_MATURITY_ID` int(11) DEFAULT NULL COMMENT '技术成熟度',
  `SOURCE_TYPE_ID` int(11) DEFAULT NULL COMMENT '交易价格',
  `PRICE` float(10,2) DEFAULT NULL COMMENT '交易价格(万元）',
  `RESULT_INTRODUCTION` text COMMENT '成果简介',
  `APPLICATION_RANGE` varchar(255) DEFAULT NULL COMMENT '应用范围',
  `PROSPECT_ANALYSIS` varchar(255) DEFAULT NULL COMMENT '前景分析',
  `TBI_ID` int(11) DEFAULT NULL COMMENT '基本信息',
  `FIRST_FINISH_UNIT_TYPE` int(11) DEFAULT NULL COMMENT '第一完成单位类型',
  PRIMARY KEY (`TSI_ID`)
) ENGINE=InnoDB AUTO_INCREMENT=59 DEFAULT CHARSET=utf8;

-- ----------------------------
-- Records of technology_supply_infos
-- ----------------------------
INSERT INTO `technology_supply_infos` VALUES ('43', '4', '550', '201', '1', '3', '3', '1', '3', '嘉应学院', '5', '1', '600.00', '成果简介', '应用范围', '前景分析', '73', null);
INSERT INTO `technology_supply_infos` VALUES ('46', '1', '560', '101', '1', '1', '1', '2', '1', '嘉应学院', '1', '1', '560.00', '成果简介', '范围', '分析', '76', null);
INSERT INTO `technology_supply_infos` VALUES ('47', null, null, null, null, null, null, null, null, null, null, null, null, null, null, null, '84', null);
INSERT INTO `technology_supply_infos` VALUES ('48', null, null, null, null, null, null, null, null, null, null, null, null, null, null, null, '85', null);
INSERT INTO `technology_supply_infos` VALUES ('55', null, null, null, null, null, null, null, null, null, null, null, null, null, null, null, '92', null);
INSERT INTO `technology_supply_infos` VALUES ('56', null, null, null, null, null, null, null, null, null, null, null, null, null, null, null, '97', null);
INSERT INTO `technology_supply_infos` VALUES ('57', null, null, null, null, null, null, null, null, null, null, null, null, null, null, null, '98', null);
INSERT INTO `technology_supply_infos` VALUES ('58', null, null, null, null, null, null, null, null, null, null, null, null, null, null, null, '99', null);

-- ----------------------------
-- Table structure for tech_enclosures
-- ----------------------------
DROP TABLE IF EXISTS `tech_enclosures`;
CREATE TABLE `tech_enclosures` (
  `ENCLOSURE_ID` int(11) NOT NULL AUTO_INCREMENT COMMENT '附件id',
  `ENCLOSURE_URL` varchar(255) DEFAULT NULL COMMENT '附件路径',
  `ENCLOSURE_DESC` varchar(255) DEFAULT NULL COMMENT '附件描述',
  `ENCLOSURE_TYPE` int(11) DEFAULT NULL COMMENT '附件类型',
  `BIND_ID` int(11) DEFAULT NULL COMMENT '绑定的技术供给信息id',
  PRIMARY KEY (`ENCLOSURE_ID`)
) ENGINE=InnoDB AUTO_INCREMENT=11 DEFAULT CHARSET=utf8;

-- ----------------------------
-- Records of tech_enclosures
-- ----------------------------
INSERT INTO `tech_enclosures` VALUES ('8', 'uploadFiles/techSupply/images/admin/590a2d7117b811e7fc9b15986e6d477f.jpg', '供给图片', '11', null);
INSERT INTO `tech_enclosures` VALUES ('9', 'uploadFiles/techSupply/images/admin/77ebe600182311e77263ad81b67189d7.jpg', '供给图片附件', '12', null);
INSERT INTO `tech_enclosures` VALUES ('10', 'uploadFiles/techSupply/texts/admin/7534ade1182611e77263ad81b67189d7.docx', '测试', '13', null);

-- ----------------------------
-- Table structure for tech_require_visitors
-- ----------------------------
DROP TABLE IF EXISTS `tech_require_visitors`;
CREATE TABLE `tech_require_visitors` (
  `VISITOR_IP` varchar(255) NOT NULL,
  `VIEW_DATE` datetime DEFAULT NULL,
  `TECH_REQUIRE_ID` int(11) DEFAULT NULL COMMENT '技术需求id',
  `VIEW_TIMES` int(11) DEFAULT '0' COMMENT '浏览次数',
  PRIMARY KEY (`VISITOR_IP`)
) ENGINE=InnoDB DEFAULT CHARSET=utf8;

-- ----------------------------
-- Records of tech_require_visitors
-- ----------------------------

-- ----------------------------
-- Table structure for tech_supply_visitors
-- ----------------------------
DROP TABLE IF EXISTS `tech_supply_visitors`;
CREATE TABLE `tech_supply_visitors` (
  `VISITOR_IP` varchar(255) NOT NULL COMMENT '访问者ip',
  `VIEW_DATE` datetime DEFAULT NULL COMMENT '浏览时间',
  `TECH_SUPPLY_ID` int(11) DEFAULT NULL COMMENT '浏览技术供给id',
  `VIEW_TIMES` int(11) DEFAULT '0' COMMENT '浏览次数',
  PRIMARY KEY (`VISITOR_IP`)
) ENGINE=InnoDB DEFAULT CHARSET=utf8;

-- ----------------------------
-- Records of tech_supply_visitors
-- ----------------------------

-- ----------------------------
-- Table structure for unit_base_infos
-- ----------------------------
DROP TABLE IF EXISTS `unit_base_infos`;
CREATE TABLE `unit_base_infos` (
  `UNIT_BASEINFO_ID` int(11) NOT NULL AUTO_INCREMENT,
  `UNIT_NAME` varchar(64) DEFAULT NULL,
  `UNIT_ABBREVIATION` varchar(64) DEFAULT NULL,
  `ESTABLISHMENT_DATE` datetime DEFAULT NULL,
  `LEGAL_REPRESENTATIVE` varchar(32) DEFAULT NULL,
  `UNIT_ADDRESS` varchar(128) DEFAULT NULL,
  `lOCATION_ID` int(11) DEFAULT NULL,
  `INFO_KEY` varchar(128) DEFAULT NULL,
  `UNIT_CODE_TYPE` int(11) DEFAULT NULL,
  `UNIT_CODE` varchar(64) DEFAULT NULL,
  `UNIT_CODE_IMAGE_URL` varchar(255) DEFAULT NULL COMMENT '机构代码图片路径',
  `UNIT_PROFILE` varchar(255) DEFAULT NULL,
  `BUSINESS_FIELD` varchar(255) DEFAULT NULL,
  `REMARK` varchar(255) DEFAULT NULL,
  `CONTACT_ID` int(11) DEFAULT NULL,
  PRIMARY KEY (`UNIT_BASEINFO_ID`)
) ENGINE=InnoDB AUTO_INCREMENT=7 DEFAULT CHARSET=utf8;

-- ----------------------------
-- Records of unit_base_infos
-- ----------------------------
INSERT INTO `unit_base_infos` VALUES ('1', '嘉应学院', '嘉大', '2017-03-28 00:25:36', 'company', null, '112', '教育', '1', '550', 'uploadFiles/unitCodeImages/company/021cc4d0130a11e73daf8e9315c1f8ef.jpg', '公办大学', '教育', '2A院校', '30');
INSERT INTO `unit_base_infos` VALUES ('4', '中介机构', '中介', '2017-03-28 00:00:00', 'agency', '广东省梅州市', '112', '软件', '1', '5555', 'uploadFiles/unitCodeImages/agency/22f98cb0130a11e73daf8e9315c1f8ef.jpg', '机构简介', null, '备注', '34');
INSERT INTO `unit_base_infos` VALUES ('5', '嘉应学院', '嘉大', '2017-03-27 22:31:42', 'college', '广东省梅州市', '112', '教育', '1', '12530', 'uploadFiles/unitCodeImages/college/1e0ecd6012fa11e771d0544cc00aa0d3.jpg', '国家2A院校', '教育', '备注', '35');
INSERT INTO `unit_base_infos` VALUES ('6', '科研单位', '嘉大科研', '2017-03-28 00:27:36', 'scientify', '广东省梅州市', '112', '教育', '1', '2536', 'uploadFiles/unitCodeImages/scientify/49e27cb0130a11e73daf8e9315c1f8ef.jpg', '2A院校', '教育', '备注', '36');

-- ----------------------------
-- Table structure for unit_infos
-- ----------------------------
DROP TABLE IF EXISTS `unit_infos`;
CREATE TABLE `unit_infos` (
  `UNIT_INFO_ID` int(11) NOT NULL AUTO_INCREMENT,
  `SOE_ID` int(11) DEFAULT NULL COMMENT '单位从业人员情况Id',
  `BASE_INFO_ID` int(11) DEFAULT NULL COMMENT '基本信息Id',
  `UNIT_TYPE` int(11) DEFAULT NULL COMMENT '单位类型',
  PRIMARY KEY (`UNIT_INFO_ID`)
) ENGINE=InnoDB AUTO_INCREMENT=4 DEFAULT CHARSET=utf8;

-- ----------------------------
-- Records of unit_infos
-- ----------------------------
INSERT INTO `unit_infos` VALUES ('2', '5', '5', '1');
INSERT INTO `unit_infos` VALUES ('3', '6', '6', '2');

-- ----------------------------
-- Table structure for users
-- ----------------------------
DROP TABLE IF EXISTS `users`;
CREATE TABLE `users` (
  `USER_ID` varchar(255) NOT NULL,
  `USER_NAME` varchar(64) DEFAULT NULL,
  `PASSWORD` varchar(64) DEFAULT NULL,
  `USER_TYPE` int(11) DEFAULT NULL,
  `PERSON_ID` int(11) DEFAULT NULL,
  `COMPANY_ID` int(11) DEFAULT NULL,
  `UNIVERSITY_ID` int(11) DEFAULT NULL,
  `SRU_ID` int(11) DEFAULT NULL,
  `AGENCY_ID` int(11) DEFAULT NULL,
  `ADMINISTRATOR_ID` int(11) DEFAULT NULL,
  `SUPER_ADMINISTRATOR_ID` int(11) DEFAULT NULL,
  `REGISTER_TIME` datetime NOT NULL,
  `PRElOGIN_TIME` datetime DEFAULT NULL,
  `CURRENTLOGIN_TIME` datetime DEFAULT NULL,
  `PREUPDATE_TIME` datetime NOT NULL,
  `AUDIT_ID` int(11) NOT NULL,
  `STATUS` int(11) NOT NULL DEFAULT '-1',
  `CONTACT_INFO_ID` int(11) DEFAULT NULL COMMENT '联系人信息ID',
  PRIMARY KEY (`USER_ID`),
  KEY `FK_orut4wh9g3oumhog22ss46epu` (`COMPANY_ID`)
) ENGINE=InnoDB DEFAULT CHARSET=utf8;

-- ----------------------------
-- Records of users
-- ----------------------------
INSERT INTO `users` VALUES ('admin', 'admin', '8758E71EF4926A2AB873D015CFEEBE38', '7', null, null, null, null, null, null, '8', '2017-03-26 03:51:55', '2017-04-03 14:46:22', '2017-04-03 14:42:16', '2017-03-26 03:51:55', '27', '1', '27');
INSERT INTO `users` VALUES ('agency', 'agency', '7D86E3873D961A958F2DD38A6504AA96', '3', null, null, null, null, '2', null, null, '2017-03-26 03:52:56', '2017-03-30 21:00:39', '2017-03-31 18:18:40', '2017-03-26 03:52:56', '34', '1', '34');
INSERT INTO `users` VALUES ('college', 'college', '6EFC8CD0351FFCE8C5A3EF53A0E4743A', '4', null, null, '2', null, null, null, null, '2017-03-26 03:53:44', '2017-03-30 21:03:19', '2017-03-31 18:19:32', '2017-03-26 03:53:44', '35', '1', '35');
INSERT INTO `users` VALUES ('company', 'company', 'A02951E3DAE9931D6D55AF80B1BF7DEF', '2', null, '1', null, null, null, null, null, '2017-03-26 03:54:41', '2017-03-30 20:52:15', '2017-03-30 20:59:13', '2017-03-26 03:54:41', '30', '1', '30');
INSERT INTO `users` VALUES ('person', 'person', 'AA17C57E4700E68098C58B60E73CC9B8', '1', '3', null, null, null, null, null, null, '2017-03-26 03:55:15', '2017-04-01 19:37:45', '2017-04-02 17:46:02', '2017-03-26 03:55:15', '31', '1', '31');
INSERT INTO `users` VALUES ('platform', 'platform', 'A50CE024DFEFE9FE8F366435BC6AB103', '6', null, null, null, null, null, '9', null, '2017-03-26 03:56:00', '2017-04-01 16:24:15', '2017-04-03 12:40:26', '2017-03-26 03:56:00', '37', '1', '37');
INSERT INTO `users` VALUES ('scientify', 'scientify', '722177373BB154F8A0A6E1BFA6086B8E', '5', null, null, null, '3', null, null, null, '2017-03-26 03:56:12', '2017-03-30 21:03:49', '2017-03-31 18:19:10', '2017-03-26 03:56:12', '36', '1', '36');

-- ----------------------------
-- Table structure for user_roles
-- ----------------------------
DROP TABLE IF EXISTS `user_roles`;
CREATE TABLE `user_roles` (
  `USER_ROLE_ID` int(11) NOT NULL AUTO_INCREMENT,
  `ROLE_ID` int(11) DEFAULT NULL,
  `USER_ID` varchar(64) DEFAULT NULL,
  `CREATE_TIME` datetime NOT NULL,
  PRIMARY KEY (`USER_ROLE_ID`),
  KEY `FK_6oxkx373ix67kf0lg3iyvewqd` (`ROLE_ID`)
) ENGINE=InnoDB AUTO_INCREMENT=20 DEFAULT CHARSET=utf8;

-- ----------------------------
-- Records of user_roles
-- ----------------------------
INSERT INTO `user_roles` VALUES ('9', '1', 'admin', '2017-03-17 12:35:29');
INSERT INTO `user_roles` VALUES ('12', '4', 'company', '2017-03-23 18:57:04');
INSERT INTO `user_roles` VALUES ('13', '3', 'person', '2017-03-23 19:05:06');
INSERT INTO `user_roles` VALUES ('16', '5', 'agency', '2017-03-23 19:18:39');
INSERT INTO `user_roles` VALUES ('17', '6', 'college', '2017-03-23 19:21:26');
INSERT INTO `user_roles` VALUES ('18', '7', 'scientify', '2017-03-23 19:22:29');
INSERT INTO `user_roles` VALUES ('19', '2', 'platform', '2017-03-23 19:30:11');

-- ----------------------------
-- Table structure for user_visitors
-- ----------------------------
DROP TABLE IF EXISTS `user_visitors`;
CREATE TABLE `user_visitors` (
  `VISITOR_IP` varchar(255) NOT NULL COMMENT '浏览者id',
  `VIEW_DATE` datetime DEFAULT NULL COMMENT '浏览时间',
  `USER_ID` int(11) DEFAULT NULL COMMENT '被浏览用户id',
  `VIEW_TIMES` int(11) DEFAULT '0' COMMENT '浏览次数',
  PRIMARY KEY (`VISITOR_IP`)
) ENGINE=InnoDB DEFAULT CHARSET=utf8;

-- ----------------------------
-- Records of user_visitors
-- ----------------------------
